"Rank","Player","Team","Bye","POS","ESPN","Sleeper","NFL","RTSports","FFC","AVG"
"1","Ja'Marr Chase","CIN","10","WR1","1","1","1","1","","1.0"
"2","Bijan Robinson","ATL","5","RB1","2","3","5","2","","2.8"
"3","Saquon Barkley","PHI","9","RB2","3","2","2","4","","2.8"
"4","Jahmyr Gibbs","DET","8","RB3","5","5","6","3","","4.6"
"5","Justin Jefferson","MIN","6","WR2","4","4","4","6","","4.6"
"6","CeeDee Lamb","DAL","10","WR3","6","7","3","5","","5.4"
"7","Amon-Ra St. Brown","DET","8","WR4","8","6","9","11","","9.0"
"8","Christian McCaffrey","SF","14","RB4","7","14","12","7","","9.4"
"9","Puka Nacua","LAR","8","WR5","9","8","7","10","","9.4"
"10","Malik Nabers","NYG","14","WR6","11","9","10","9","","9.6"
"11","Derrick Henry","BAL","7","RB5","13","10","8","13","","10.4"
"12","Ashton Jeanty","LV","8","RB6","10","11","11","8","","10.4"
"13","De'Von Achane","MIA","12","RB7","12","15","13","12","","12.4"
"14","Nico Collins","HOU","6","WR7","14","12","16","16","","14.4"
"15","Brian Thomas Jr.","JAC","8","WR8","16","13","14","15","","14.6"
"16","Josh Jacobs","GB","5","RB8","18","21","17","14","","17.2"
"17","A.J. Brown","PHI","9","WR9","15","18","15","23","","17.6"
"18","Brock Bowers","LV","8","TE1","20","16","18","19","","18.6"
"19","Drake London","ATL","5","WR10","22","17","20","21","","19.8"
"20","Jonathan Taylor","IND","11","RB9","17","24","22","20","","20.2"
"21","Bucky Irving","TB","9","RB10","23","19","25","17","","21.8"
"22","Lamar Jackson","BAL","7","QB1","21","23","19","26","","22.2"
"23","Josh Allen","BUF","7","QB2","19","20","21","28","","22.8"
"24","Kyren Williams","LAR","8","RB11","26","28","24","22","","24.2"
"25","Ladd McConkey","LAC","12","WR11","30","22","23","27","","25.2"
"26","Trey McBride","ARI","8","TE2","24","25","26","29","","26.6"
"27","Chase Brown","CIN","10","RB12","33","29","34","18","","27.4"
"28","Tyreek Hill","MIA","12","WR12","28","27","36","25","","28.6"
"29","Jayden Daniels","WAS","12","QB3","25","31","27","33","","30.8"
"30","Tee Higgins","CIN","10","WR13","27","30","31","38","","30.8"
"31","James Cook","BUF","7","RB13","32","35","29","30","","31.2"
"32","Breece Hall","NYJ","9","RB14","49","33","30","24","","33.6"
"33","Jaxon Smith-Njigba","SEA","8","WR14","36","26","39","34","","34.0"
"34","Joe Burrow","CIN","10","QB4","31","40","35","40","","35.4"
"35","Garrett Wilson","NYJ","9","WR15","39","32","37","36","","36.2"
"36","Jalen Hurts","PHI","9","QB5","29","39","33","45","","37.8"
"37","Davante Adams","LAR","8","WR16","35","42","42","37","","38.0"
"38","Alvin Kamara","NO","11","RB15","37","41","46","31","","38.2"
"39","George Kittle","SF","14","TE3","34","38","38","42","","38.2"
"40","Terry McLaurin","WAS","12","WR17","40","34","28","44","","38.4"
"41","Kenneth Walker III","SEA","8","RB16","38","45","41","35","","38.4"
"42","Mike Evans","TB","9","WR18","42","37","32","50","","40.2"
"43","Marvin Harrison Jr.","ARI","8","WR19","45","36","43","41","","41.2"
"44","Omarion Hampton","LAC","12","RB17","48","44","50","32","","43.2"
"45","Chuba Hubbard","CAR","14","RB18","44","46","52","39","","45.2"
"46","James Conner","ARI","8","RB19","47","52","49","46","","47.6"
"47","DJ Moore","CHI","5","WR20","53","47","48","47","","48.6"
"48","Rashee Rice","KC","10","WR21","58","43","40","55","","49.0"
"49","DK Metcalf","PIT","5","WR22","43","48","58","52","","49.6"
"50","Sam LaPorta","DET","8","TE4","41","49","44","63","","51.4"
"51","Joe Mixon","HOU","6","RB20","51","51","47","60","","52.2"
"52","Courtland Sutton","DEN","12","WR23","59","50","55","51","","53.6"
"53","Patrick Mahomes II","KC","10","QB6","46","57","45","64","","53.8"
"54","D'Andre Swift","CHI","5","RB21","56","74","60","43","","56.8"
"55","DeVonta Smith","PHI","9","WR24","62","53","54","57","","56.8"
"56","Xavier Worthy","KC","10","WR25","50","56","66","66","","57.6"
"57","David Montgomery","DET","8","RB22","61","55","64","58","","59.4"
"58","Jameson Williams","DET","8","WR26","65","59","53","67","","61.6"
"59","TreVeyon Henderson","NE","14","RB23","73","65","67","48","","61.8"
"60","Zay Flowers","BAL","7","WR27","54","54","69","69","","61.8"
"61","T.J. Hockenson","MIN","6","TE5","55","58","51","73","","62.4"
"62","Travis Kelce","KC","10","TE6","57","66","57","65","","62.6"
"63","RJ Harvey","DEN","12","RB24","79","61","71","49","","63.0"
"64","Travis Hunter","JAC","8","WR28","60","62","59","72","","63.8"
"65","Aaron Jones Sr.","MIN","6","RB25","66","70","74","56","","64.0"
"66","Baker Mayfield","TB","9","QB7","52","68","61","76","","65.6"
"67","George Pickens","DAL","10","WR29","64","60","76","70","","66.2"
"68","Isiah Pacheco","KC","10","RB26","74","64","62","61","","66.8"
"69","Tetairoa McMillan","CAR","14","WR30","75","63","78","54","","67.0"
"70","Calvin Ridley","TEN","10","WR31","63","75","72","62","","68.8"
"71","Kaleb Johnson","PIT","5","RB27","72","81","80","53","","69.6"
"72","Tony Pollard","TEN","10","RB28","87","77","82","59","","74.4"
"73","Jaylen Waddle","MIA","12","WR32","67","67","86","78","","74.8"
"74","Mark Andrews","BAL","7","TE7","70","79","56","94","","75.4"
"75","Bo Nix","DEN","12","QB8","68","76","65","90","","75.8"
"76","Jerry Jeudy","CLE","9","WR33","69","73","101","68","","76.0"
"77","Chris Godwin","TB","9","WR34","90","78","84","77","","79.8"
"78","Chris Olave","NO","11","WR35","88","69","87","74","","80.2"
"79","Brian Robinson Jr.","WAS","12","RB29","92","83","92","75","","83.2"
"80","Jordan Addison","MIN","6","WR36","91","71","90","84","","83.4"
"81","Rome Odunze","CHI","5","WR37","76","80","93","88","","84.8"
"82","Kyler Murray","ARI","8","QB9","77","97","81","97","","87.2"
"83","Evan Engram","DEN","12","TE8","80","88","75","89","","87.6"
"84","Cooper Kupp","SEA","8","WR38","78","87","105","83","","88.2"
"85","Deebo Samuel Sr.","WAS","12","WR39","99","86","98","80","","88.4"
"86","David Njoku","CLE","9","TE9","71","94","85","111","","88.6"
"87","Stefon Diggs","NE","14","WR40","85","91","95","87","","89.4"
"88","Tyrone Tracy Jr.","NYG","14","RB30","97","85","106","71","","91.2"
"89","Jaylen Warren","PIT","5","RB31","102","92","109","79","","93.4"
"90","Jakobi Meyers","LV","8","WR41","86","82","124","100","","93.8"
"91","Cam Skattebo","NYG","14","RB32","98","100","97","82","","94.0"
"92","Quinshon Judkins","CLE","9","RB33","140","72","89","85","","94.4"
"93","Khalil Shakir","BUF","7","WR42","104","84","100","99","","97.0"
"94","Jauan Jennings","SF","14","WR43","110","95","108","91","","99.8"
"95","Travis Etienne Jr.","JAC","8","RB34","122","93","114","81","","100.0"
"96","Matthew Golden","GB","5","WR44","89","98","125","93","","101.2"
"97","Javonte Williams","DAL","10","RB35","94","106","141","86","","103.8"
"98","Jared Goff","DET","8","QB10","113","90","99","113","","104.8"
"99","Ricky Pearsall","SF","14","WR45","112","101","118","102","","105.4"
"100","Brandon Aubrey","DAL","10","K1","96","128","70","125","","105.8"
"101","Brock Purdy","SF","14","QB11","82","109","104","124","","106.2"
"102","Dak Prescott","DAL","10","QB12","100","120","120","106","","107.4"
"103","Justin Fields","NYJ","9","QB13","115","136","63","122","","108.8"
"104","Jayden Reed","GB","5","WR46","118","99","123","110","","110.0"
"105","Rhamondre Stevenson","NE","14","RB36","106","114","122","104","","110.2"
"106","Tyler Warren","IND","11","TE10","124","96","107","114","","113.0"
"107","Najee Harris","LAC","12","RB37","155","105","113","105","","114.8"
"108","Denver Broncos","DST","12","DST1","84","153","83","137","","115.0"
"109","Caleb Williams","CHI","5","QB14","121","119","111","103","","115.2"
"110","Jonnu Smith","PIT","5","TE11","167","89","73","134","","115.6"
"111","Colston Loveland","CHI","5","TE12","116","107","116","108","","115.6"
"112","Tucker Kraft","GB","5","TE13","101","117","117","117","","116.2"
"113","Justin Herbert","LAC","12","QB15","95","104","126","129","","116.4"
"114","J.K. Dobbins","DEN","12","RB38","105","123","162","96","","117.6"
"115","Jordan Mason","MIN","6","RB39","139","110","145","92","","117.8"
"116","Philadelphia Eagles","DST","9","DST2","117","129","94","149","","119.2"
"117","Cameron Dicker","LAC","12","K2","111","133","79","148","","121.8"
"118","Zach Charbonnet","SEA","8","RB40","150","111","156","95","","122.2"
"119","Brandon Aiyuk","SF","14","WR47","162","103","119","123","","122.2"
"120","Emeka Egbuka","TB","9","WR48","120","108","157","112","","122.8"
"121","Keon Coleman","BUF","7","WR49","109","118","144","135","","125.2"
"122","Josh Downs","IND","11","WR50","158","102","136","119","","125.8"
"123","Michael Pittman Jr.","IND","11","WR51","119","116","176","116","","128.0"
"124","Pittsburgh Steelers","DST","5","DST3","83","131","129","157","","129.0"
"125","Darnell Mooney","ATL","5","WR52","127","112","169","131","","130.0"
"126","Rachaad White","TB","9","RB41","141","137","137","118","","131.2"
"127","Jake Bates","DET","8","K3","93","130","102","161","","131.6"
"128","Tyjae Spears","TEN","10","RB42","136","124","174","98","","131.6"
"129","Dalton Kincaid","BUF","7","TE14","128","113","128","145","","132.0"
"130","Jordan Love","GB","5","QB16","123","125","134","152","","133.4"
"131","Jake Ferguson","DAL","10","TE15","131","121","154","130","","135.6"
"132","Baltimore Ravens","DST","7","DST4","108","152","121","168","","135.8"
"133","Dallas Goedert","PHI","9","TE16","114","127","130","162","","136.0"
"134","Austin Ekeler","WAS","12","RB43","125","151","166","121","","136.4"
"135","C.J. Stroud","HOU","6","QB17","144","122","133","146","","139.8"
"136","Tank Bigsby","JAC","8","RB44","134","142","208","101","","140.2"
"137","Jaydon Blue","DAL","10","RB45","189","135","150","109","","141.6"
"138","Kyle Pitts Sr.","ATL","5","TE17","138","126","139","140","","141.6"
"139","Buffalo Bills","DST","7","DST5","148","180","96","151","","143.6"
"140","Houston Texans","DST","6","DST6","81","161","142","158","","144.2"
"141","Jayden Higgins","HOU","6","WR53","129","115","205","128","","145.8"
"142","Tre' Harris","LAC","12","WR54","163","132","159","138","","146.2"
"143","J.J. McCarthy","MIN","6","QB18","132","141","152","141","","147.8"
"144","Chase McLaughlin","TB","9","K4","103","155","112","180","","148.0"
"145","Drake Maye","NE","14","QB19","152","140","146","142","","148.4"
"146","Minnesota Vikings","DST","6","DST7","107","158","147","173","","149.2"
"147","Isaac Guerendo","SF","14","RB46","185","146","175","120","","149.4"
"148","Nick Chubb","HOU","6","RB47","165","143","189","115","","151.2"
"149","Rashid Shaheed","NO","11","WR55","126","134","181","170","","152.2"
"150","Zach Ertz","WAS","12","TE18","160","150","165","169","","155.8"
"151","Marvin Mims Jr.","DEN","12","WR56","153","138","171","136","","156.2"
"152","Chris Boswell","PIT","5","K5","135","156","68","207","","157.2"
"153","Ka'imi Fairbairn","HOU","6","K6","172","162","91","166","","160.8"
"154","Bhayshul Tuten","JAC","8","RB48","237","147","155","133","","161.2"
"155","Trey Benson","ARI","8","RB49","157","166","228","126","","161.8"
"156","Luther Burden III","CHI","5","WR57","169","139","212","159","","163.0"
"157","Tyler Allgeier","ATL","5","RB50","170","176","172","144","","164.2"
"158","Jerome Ford","CLE","9","RB51","143","178","245","107","","164.4"
"159","Jack Bech","LV","8","WR58","142","165","220","147","","165.4"
"160","Marquise Brown","KC","10","WR59","176","173","115","160","","166.2"
"161","Jake Elliott","PHI","9","K7","137","163","131","229","","167.0"
"162","Isaiah Likely","BAL","7","TE19","192","148","151","172","","168.0"
"163","Christian Kirk","HOU","6","WR60","242","145","170","164","","169.6"
"164","Harrison Butker","KC","10","K8","147","159","143","200","","169.8"
"165","Trevor Lawrence","JAC","8","QB20","180","169","185","155","","169.8"
"166","Hunter Henry","NE","14","TE20","159","168","173","156","","170.4"
"167","San Francisco 49ers","DST","14","DST8","177","157","77","228","","170.6"
"168","Tua Tagovailoa","MIA","12","QB21","164","198","192","154","","171.8"
"169","Ray Davis","BUF","7","RB52","222","167","218","127","","174.8"
"170","Rashod Bateman","BAL","7","WR61","187","164","184","187","","175.6"
"171","Detroit Lions","DST","8","DST9","130","181","148","218","","176.2"
"172","Cameron Ward","TEN","10","QB22","161","149","161","233","","178.0"
"173","Tyler Bass","BUF","7","K9","149","160","140","239","","178.6"
"174","Dylan Sampson","CLE","9","RB53","154","172","260","139","","178.8"
"175","Michael Penix Jr.","ATL","5","QB23","181","170","186","191","","181.6"
"176","Kansas City Chiefs","DST","10","DST10","178","185","135","199","","181.8"
"177","Xavier Legette","CAR","14","WR62","156","179","204","178","","181.8"
"178","Adam Thielen","CAR","14","WR63","151","171","207","203","","182.6"
"179","Matthew Stafford","LAR","8","QB24","166","192","160","212","","184.2"
"180","Braelon Allen","NYJ","9","RB54","202","193","232","132","","185.0"
"181","Kyle Williams","NE","14","WR64","193","144","214","186","","187.0"
"182","Jason Sanders","MIA","12","K10","145","268","110","231","","189.6"
"183","Jaylen Wright","MIA","12","RB55","214","197","231","150","","189.8"
"184","Wil Lutz","DEN","12","K11","205","225","132","179","","192.4"
"185","Dallas Cowboys","DST","10","DST11","188","266","158","209","","195.8"
"186","Kareem Hunt","KC","10","RB56","213","204","200","167","","196.6"
"187","Washington Commanders","DST","12","DST12","206","154","164","247","","197.8"
"188","Younghoe Koo","ATL","5","K12","190","182","168","256","","197.8"
"189","Brenton Strange","JAC","8","TE21","233","175","248","174","","198.6"
"190","Jalen McMillan","TB","9","WR65","225","177","213","171","","199.4"
"191","Quentin Johnston","LAC","12","WR66","195","199","255","213","","199.8"
"192","Pat Freiermuth","PIT","5","TE22","198","196","177","223","","200.8"
"193","Green Bay Packers","DST","5","DST13","186","226","193","240","","202.6"
"194","Evan McPherson","CIN","10","K13","184","187","187","251","","203.4"
"195","Darren Waller","MIA","12","TE23","201","227","178","210","","203.6"
"196","Cedric Tillman","CLE","9","WR67","179","188","314","184","","207.2"
"197","New York Jets","DST","9","DST14","175","228","206","249","","208.0"
"198","Anthony Richardson Sr.","IND","11","QB25","207","213","217","208","","209.2"
"199","Geno Smith","LV","8","QB26","210","211","197","230","","213.0"
"200","Wan'Dale Robinson","NYG","14","WR68","235","194","261","185","","214.4"
"201","Romeo Doubs","GB","5","WR69","236","209","224","197","","214.4"
"202","Los Angeles Chargers","DST","12","DST15","212","267","153","244","","217.0"
"203","Justice Hill","BAL","7","RB57","259","214","230","163","","217.8"
"204","Roschon Johnson","CHI","5","RB58","302","203","271","177","","218.8"
"205","Seattle Seahawks","DST","8","DST16","133","186","180","","","170.8"
"206","Rico Dowdle","CAR","14","RB59","","174","209","143","","178.3"
"207","Chicago Bears","DST","5","DST17","204","","88","220","","184.3"
"208","DeAndre Hopkins","BAL","7","WR70","208","201","183","153","","186.3"
"209","Bryce Young","CAR","14","QB27","183","190","188","192","","188.3"
"210","Matt Gay","WAS","12","K14","173","","179","242","","191.0"
"211","Tampa Bay Buccaneers","DST","9","DST18","191","184","138","261","","193.5"
"212","Tyler Loop","BAL","7","K15","171","183","211","245","","202.5"
"213","New England Patriots","DST","14","DST19","146","230","190","250","","204.0"
"214","Cade Otton","TB","9","TE24","223","206","198","189","","204.0"
"215","Arizona Cardinals","DST","8","DST20","196","","149","252","","204.8"
"216","Mike Gesicki","CIN","10","TE25","199","191","249","182","","205.3"
"217","Aaron Rodgers","PIT","5","QB28","194","207","194","227","","205.5"
"218","DeMario Douglas","NE","14","WR71","","205","287","183","","207.5"
"219","Sam Darnold","SEA","8","QB29","209","212","199","211","","207.8"
"220","New York Giants","DST","14","DST21","182","229","191","235","","209.3"
"221","Zack Moss","","","RB60","","294","201","195","","209.5"
"222","Chig Okonkwo","TEN","10","TE26","197","216","235","196","","211.0"
"223","Brandon McManus","GB","5","K16","203","","202","236","","211.0"
"224","Los Angeles Rams","DST","8","DST22","211","232","195","219","","214.3"
"225","Blake Corum","LAR","8","RB61","","210","239","202","","219.5"
"226","Joshua Palmer","BUF","7","WR72","","200","241","221","","220.3"
"227","Raheem Mostert","LV","8","RB62","","242","233","222","","221.5"
"228","Elijah Arroyo","SEA","8","TE27","227","202","262","201","","223.0"
"229","MarShawn Lloyd","GB","5","RB63","","243","279","190","","224.3"
"230","Daniel Carlson","LV","8","K17","217","264","163","255","","224.8"
"231","Dalton Schultz","HOU","6","TE28","228","219","222","248","","229.3"
"232","Will Shipley","PHI","9","RB64","","220","317","205","","229.5"
"233","Jacory Croskey-Merritt","WAS","12","RB65","349","234","395","225","","283.8"
"234","DJ Giddens","IND","11","RB66","","222","306","198","","230.3"
"235","Mason Taylor","NYJ","9","TE29","285","195","251","193","","231.0"
"236","Will Reichard","MIN","6","K18","216","265","196","258","","233.8"
"237","Jake Moody","SF","14","K19","219","263","203","263","","237.0"
"238","Elijah Mitchell","KC","10","RB67","","280","267","194","","239.0"
"239","Taysom Hill","NO","11","TE30","257","301","264","","","246.5"
"240","Keenan Allen","LAC","12","WR73","240","215","364","188","","251.8"
"241","Jarquez Hunter","LAR","8","RB68","","217","455","176","","255.5"
"242","Isaac TeSlaa","DET","8","WR74","252","273","246","253","","256.0"
"243","Woody Marks","HOU","6","RB69","","246","453","181","","261.8"
"244","Cincinnati Bengals","DST","10","DST23","221","","103","257","","193.7"
"245","Pat Bryant","DEN","12","WR75","","208","393","254","","270.3"
"246","Kendre Miller","NO","11","RB70","","285","383","243","","274.8"
"247","Cleveland Browns","DST","9","DST24","218","","127","260","","201.7"
"248","Shedeur Sanders","CLE","9","QB30","200","235","219","","","218.0"
"249","Miles Sanders","DAL","10","RB71","","236","252","175","","221.0"
"250","Indianapolis Colts","DST","11","DST25","168","276","223","","","222.3"
"251","Tyler Lockett","TEN","10","WR76","230","221","234","","","228.3"
"252","Dont'e Thornton Jr.","LV","8","WR77","","189","265","238","","230.7"
"253","Alec Pierce","IND","11","WR78","","218","242","234","","231.3"
"254","Joshua Karty","LAR","8","K20","226","","210","259","","231.7"
"255","Tahj Brooks","CIN","10","RB72","306","244","450","204","","301.0"
"256","Calvin Austin III","PIT","5","WR79","","233","253","","","236.7"
"257","Jaxson Dart","NYG","14","QB31","220","241","256","","","239.0"
"258","Jalen Royals","KC","10","WR80","298","238","454","226","","304.0"
"259","Cole Kmet","CHI","5","TE31","239","258","225","","","240.7"
"260","Las Vegas Raiders","DST","8","DST26","232","270","221","","","241.0"
"261","Russell Wilson","NYG","14","QB32","243","251","229","","","241.0"
"262","Miami Dolphins","DST","12","DST27","255","269","215","","","246.3"
"263","Kyle Monangai","CHI","5","RB73","","248","333","165","","248.7"
"264","New Orleans Saints","DST","11","DST28","238","271","240","","","249.7"
"265","Jacksonville Jaguars","DST","8","DST29","231","278","244","","","251.0"
"266","Tennessee Titans","DST","10","DST30","264","231","266","","","253.7"
"267","Trevor Etienne","CAR","14","RB74","","295","259","215","","256.3"
"268","Andrei Iosivas","CIN","10","WR81","","275","283","217","","258.3"
"269","Justin Tucker","","","K21","215","272","293","","","260.0"
"270","Brashard Smith","KC","10","RB75","","223","363","206","","264.0"
"271","Jalen Milroe","SEA","8","QB33","244","277","275","","","265.3"
"272","Noah Gray","KC","10","TE32","271","283","247","","","267.0"
"273","Tyler Higbee","LAR","8","TE33","260","289","258","","","269.0"
"274","Ja'Tavion Sanders","CAR","14","TE34","288","249","274","","","270.3"
"275","Ollie Gordon II","MIA","12","RB76","","262","323","237","","274.0"
"276","Dontayvion Wicks","GB","5","WR82","284","261","284","","","276.3"
"277","Terrance Ferguson","LAR","8","TE35","289","239","307","","","278.3"
"278","Dyami Brown","JAC","8","WR83","","247","355","241","","281.0"
"279","Jaylin Noel","HOU","6","WR84","","237","362","246","","281.7"
"280","Cairo Santos","CHI","5","K22","174","","226","","","200.0"
"281","Joe Flacco","CLE","9","QB34","330","281","292","","","301.0"
"282","A.J. Dillon","PHI","9","RB77","392","","295","224","","303.7"
"283","Jason Myers","SEA","8","K23","234","","182","","","208.0"
"284","Devin Neal","NO","11","RB78","","224","527","216","","322.3"
"285","Atlanta Falcons","DST","5","DST31","229","","216","","","222.5"
"286","Jaleel McLaughlin","DEN","12","RB79","","300","167","","","233.5"
"287","Roman Wilson","PIT","5","WR85","318","259","391","","","322.7"
"288","Cam Little","JAC","8","K24","254","","227","","","240.5"
"289","Samaje Perine","CIN","10","RB80","","","308","","","243.0"
"290","Troy Franklin","DEN","12","WR86","303","296","388","","","329.0"
"291","Audric Estime","DEN","12","RB81","354","305","331","","","330.0"
"292","Blake Grupe","NO","11","K25","256","","236","","","246.0"
"293","Carolina Panthers","DST","14","DST32","224","","269","","","246.5"
"294","Tank Dell","HOU","6","WR87","251","","243","","","247.0"
"295","Noah Fant","CIN","10","TE36","445","302","250","","","332.3"
"296","Dawson Knox","BUF","7","TE37","245","","254","","","249.5"
"297","KaVontae Turpin","DAL","10","WR88","270","","237","","","253.5"
"298","Kayshon Boutte","NE","14","WR89","329","298","382","","","336.3"
"299","Xavier Restrepo","TEN","10","WR90","340","279","394","","","337.7"
"300","Andy Borregales","NE","14","K26","247","","268","","","257.5"
"301","Graham Gano","NYG","14","K27","241","","276","","","258.5"
"302","Theo Johnson","NYG","14","TE38","452","252","322","","","342.0"
"303","Kirk Cousins","ATL","5","QB35","268","","263","","","265.5"
"304","Sean Tucker","TB","9","RB82","","","321","214","","267.5"
"305","Dustin Hopkins","CLE","9","K28","249","","286","","","267.5"
"306","Jimmy Horn Jr.","CAR","14","WR91","248","","288","","","268.0"
"307","Juwan Johnson","NO","11","TE39","","256","281","","","268.5"
"308","Elic Ayomanor","TEN","10","WR92","","240","305","","","272.5"
"309","Jahan Dotson","PHI","9","WR93","253","","298","","","275.5"
"310","Antonio Gibson","NE","14","RB83","","","320","232","","276.0"
"311","JuJu Smith-Schuster","KC","10","WR94","275","","277","","","276.0"
"312","Joey Slye","TEN","10","K29","267","","290","","","278.5"
"313","AJ Barner","SEA","8","TE40","283","","280","","","281.5"
"314","Chad Ryland","ARI","8","K30","292","","272","","","282.0"
"315","Tory Horton","SEA","8","WR95","351","291","423","","","355.0"
"316","Diontae Johnson","CLE","9","WR96","","290","278","","","284.0"
"317","Tyler Conklin","LAC","12","TE41","","299","270","","","284.5"
"318","Darius Slayton","NYG","14","WR97","","254","319","","","286.5"
"319","Tim Patrick","DET","8","WR98","279","","294","","","286.5"
"320","Luke McCaffrey","WAS","12","WR99","276","","299","","","287.5"
"321","Luke Musgrave","GB","5","TE42","263","","315","","","289.0"
"322","Tyler Shough","NO","11","QB36","","255","324","","","289.5"
"323","Ray-Ray McCloud III","ATL","5","WR100","","","318","262","","290.0"
"324","Michael Wilson","ARI","8","WR101","","253","330","","","291.5"
"325","Parker Romo","NE","14","K31","277","","313","","","295.0"
"326","Jalen Coker","CAR","14","WR102","","245","348","","","296.5"
"327","Tutu Atwell","LAR","8","WR103","","297","296","","","296.5"
"328","Michael Mayer","LV","8","TE43","","303","291","","","297.0"
"329","Grant Calcaterra","PHI","9","TE44","291","","303","","","297.0"
"330","Marquez Valdes-Scantling","SEA","8","WR104","","292","302","","","297.0"
"331","Jordan James","SF","14","RB84","","257","339","","","298.0"
"332","Will Howard","PIT","5","QB37","274","","325","","","299.5"
"333","Christian Watson","GB","5","WR105","","287","312","","","299.5"
"334","Hunter Renfrow","CAR","14","WR106","250","","352","","","301.0"
"335","Joe Milton III","DAL","10","QB38","287","","316","","","301.5"
"336","Will Dissly","LAC","12","TE45","327","","289","","","308.0"
"337","Keaton Mitchell","BAL","7","RB85","","274","345","","","309.5"
"338","Daniel Jones","IND","11","QB39","","284","335","","","309.5"
"339","Ryan Fitzgerald","CAR","14","K32","262","","361","","","311.5"
"340","Elijah Moore","BUF","7","WR107","328","","297","","","312.5"
"341","Austin Hooper","NE","14","TE46","301","","327","","","314.0"
"342","Jameis Winston","NYG","14","QB40","295","","340","","","317.5"
"343","Brock Wright","DET","8","TE47","324","","311","","","317.5"
"344","Harold Fannin Jr.","CLE","9","TE48","353","286","523","","","387.3"
"345","Darnell Washington","PIT","5","TE49","342","","304","","","323.0"
"346","Adonai Mitchell","IND","11","WR108","","260","389","","","324.5"
"347","Jermaine Burton","CIN","10","WR109","400","304","444","","","382.7"
"348","Joshua Dobbs","NE","14","QB41","282","","368","","","325.0"
"349","Tanner McKee","PHI","9","QB42","300","","357","","","328.5"
"350","Harrison Mevis","NYJ","9","K33","299","","359","","","329.0"
"351","Jalen Nailor","MIN","6","WR110","334","","329","","","331.5"
"352","Deshaun Watson","CLE","9","QB43","266","","400","","","333.0"
"353","Craig Reynolds","DET","8","RB86","321","","354","","","337.5"
"354","Jordan Whittington","LAR","8","WR111","","293","390","","","341.5"
"355","Sterling Shepard","TB","9","WR112","357","","326","","","341.5"
"356","Jake Bobo","SEA","8","WR113","297","","387","","","342.0"
"357","Robert Woods","PIT","5","WR114","319","","365","","","342.0"
"358","Carson Steele","KC","10","RB87","326","","358","","","342.0"
"359","Spencer Shrader","IND","11","K34","367","","332","","","349.5"
"360","Drew Lock","SEA","8","QB44","359","","341","","","350.0"
"361","Kalif Raymond","DET","8","WR115","350","","350","","","350.0"
"362","Greg Joseph","","","K35","331","","370","","","350.5"
"363","Hendon Hooker","DET","8","QB45","290","","412","","","351.0"
"364","Zamir White","LV","8","RB88","269","","434","","","351.5"
"365","Jalin Hyatt","NYG","14","WR116","294","","415","","","354.5"
"366","Mitchell Trubisky","BUF","7","QB46","311","","399","","","355.0"
"367","Amari Cooper","","","WR117","","250","462","","","356.0"
"368","Mack Hollins","NE","14","WR118","344","","369","","","356.5"
"369","Trey Lance","LAC","12","QB47","305","","409","","","357.0"
"370","J.J. Taylor","HOU","6","RB89","371","","343","","","357.0"
"371","Malik Willis","GB","5","QB48","304","","411","","","357.5"
"372","Ty Chandler","MIN","6","RB90","335","","380","","","357.5"
"373","Deuce Vaughn","DAL","10","RB91","361","","356","","","358.5"
"374","Dameon Pierce","HOU","6","RB92","418","","300","","","359.0"
"375","Josh Oliver","MIN","6","TE50","345","","373","","","359.0"
"376","Mac Jones","SF","14","QB49","348","","378","","","363.0"
"377","Elijah Higgins","ARI","8","TE51","391","","336","","","363.5"
"378","Quinn Ewers","MIA","12","QB50","308","","421","","","364.5"
"379","Tylan Wallace","BAL","7","WR119","323","","408","","","365.5"
"380","Nick Folk","NYJ","9","K36","273","","459","","","366.0"
"381","Ben Sinnott","WAS","12","TE52","","288","448","","","368.0"
"382","Kyle Juszczyk","SF","14","RB93","","","238","","","238.0"
"383","Devaughn Vele","DEN","12","WR120","394","","346","","","370.0"
"384","Odell Beckham Jr.","","","WR121","280","","461","","","370.5"
"385","Kendrick Bourne","NE","14","WR122","314","","428","","","371.0"
"386","Olamide Zaccheaus","CHI","5","WR123","338","","406","","","372.0"
"387","Andy Dalton","CAR","14","QB51","352","","396","","","374.0"
"388","Luke Schoonmaker","DAL","10","TE53","315","","437","","","376.0"
"389","Devin Singletary","NYG","14","RB94","","","257","","","257.0"
"390","Jordan Travis","","","QB52","258","","","","","258.0"
"391","Jermar Jefferson","TEN","10","RB95","272","","485","","","378.5"
"392","Ainias Smith","PHI","9","WR124","413","","347","","","380.0"
"393","Adam Trautman","DEN","12","TE54","384","","376","","","380.0"
"394","KeAndre Lambert-Smith","LAC","12","WR125","261","","529","","","395.0"
"395","Mason Rudolph","PIT","5","QB53","332","","429","","","380.5"
"396","Marcus Mariota","WAS","12","QB54","395","","366","","","380.5"
"397","Jude McAtamney","NYG","14","K37","265","","520","","","392.5"
"398","Patrick Ricard","BAL","7","RB96","363","","403","","","383.0"
"399","Mecole Hardman Jr.","GB","5","WR126","397","","371","","","384.0"
"400","Matthew Wright","CAR","14","K38","427","","342","","","384.5"
"401","Jalen Tolbert","DAL","10","WR127","","","273","","","273.0"
"402","Jimmy Garoppolo","LAR","8","QB55","376","","397","","","386.5"
"403","Cooper Rush","BAL","7","QB56","307","","469","","","388.0"
"404","Equanimeous St. Brown","SF","14","WR128","278","","549","","","413.5"
"405","John Samuel Shenker","","","TE55","281","","","","","281.0"
"406","Kenneth Gainwell","PIT","5","RB97","","","282","","","282.0"
"407","Oronde Gadsden II","LAC","12","TE56","","282","528","","","405.0"
"408","Jaylin Lane","WAS","12","WR129","325","","457","","","391.0"
"409","Tre Tucker","LV","8","WR130","","","285","","","285.0"
"410","Aidan O'Connell","LV","8","QB57","370","","414","","","392.0"
"411","Scott Matlock","LAC","12","DT1","286","","","","","286.0"
"412","Jarrett Stidham","DEN","12","QB58","380","","405","","","392.5"
"413","Nathan Rourke","","","QB59","293","","","","","293.0"
"414","Connor Heyward","PIT","5","TE57","450","","344","","","397.0"
"415","Ben DiNucci","","","QB60","296","","","","","296.0"
"416","Tez Johnson","TB","9","WR131","339","","456","","","397.5"
"417","Sione Vaki","DET","8","RB98","381","","418","","","399.5"
"418","Brandin Cooks","NO","11","WR132","","","301","","","301.0"
"419","Daniel Bellinger","NYG","14","TE58","365","","435","","","400.0"
"420","Julian Hill","MIA","12","TE59","414","","386","","","400.0"
"421","Tommy Tremble","CAR","14","TE60","430","","377","","","403.5"
"422","Allen Lazard","NYJ","9","WR133","","","309","","","309.0"
"423","Tyson Bagent","CHI","5","QB61","309","","621","","","465.0"
"424","Ezekiel Elliott","","","RB99","310","","","","","310.0"
"425","Nick Westbrook-Ikhine","MIA","12","WR134","","","310","","","310.0"
"426","Julio Jones","","","WR135","312","","","","","312.0"
"427","Matt Barkley","","","QB62","313","","","","","313.0"
"428","Demarcus Robinson","SF","14","WR136","463","","349","","","406.0"
"429","C.J. Ham","MIN","6","RB100","386","","426","","","406.0"
"430","DeWayne McBride","","","RB101","316","","","","","316.0"
"431","Savion Williams","GB","5","WR137","317","","692","","","504.5"
"432","Mitchell Evans","CAR","14","TE61","320","","675","","","497.5"
"433","LaJohntay Wester","BAL","7","WR138","322","","674","","","498.0"
"434","Alexander Mattison","MIA","12","RB102","","","328","","","328.0"
"435","Zach Wilson","MIA","12","QB63","333","","768","","","550.5"
"436","Ty Johnson","BUF","7","RB103","","","334","","","334.0"
"437","Johnny Wilson","PHI","9","WR139","336","","650","","","493.0"
"438","Mason Crosby","","","K39","337","","","","","337.0"
"439","Emanuel Wilson","GB","5","RB104","","","337","","","337.0"
"440","Spencer Rattler","NO","11","QB64","","","338","","","338.0"
"441","Curtis Samuel","BUF","7","WR140","472","","367","","","419.5"
"442","Max Duggan","","","QB65","341","","","","","341.0"
"443","Tommy DeVito","NYG","14","QB66","343","","623","","","483.0"
"444","Baylor Cupp","BAL","7","TE62","346","","","","","346.0"
"445","Dalvin Cook","","","RB105","347","","","","","347.0"
"446","Damien Martinez","SEA","8","RB106","425","","424","","","424.5"
"447","Noah Brown","WAS","12","WR141","","","351","","","351.0"
"448","Drew Sample","CIN","10","TE63","","","353","","","353.0"
"449","Lil'Jordan Humphrey","NYG","14","WR142","355","","558","","","456.5"
"450","Donovan Peoples-Jones","NO","11","WR143","356","","569","","","462.5"
"451","Stetson Bennett IV","LAR","8","QB67","358","","616","","","487.0"
"452","Travis Homer","CHI","5","RB107","382","","476","","","429.0"
"453","Teddy Bridgewater","TB","9","QB68","362","","","","","362.0"
"454","Devontez Walker","BAL","7","WR144","364","","638","","","501.0"
"455","Zane Gonzalez","","","K40","396","","468","","","432.0"
"456","David Moore","CAR","14","WR145","462","","402","","","432.0"
"457","Gavin Bartholomew","MIN","6","TE64","366","","525","","","445.5"
"458","Brandon Allen","TEN","10","QB69","401","","466","","","433.5"
"459","Terrace Marshall Jr.","PHI","9","WR146","368","","582","","","475.0"
"460","Jalen Reagor","LAC","12","WR147","369","","575","","","472.0"
"461","Cade York","","","K41","459","","410","","","434.5"
"462","Greg Dortch","ARI","8","WR148","","","372","","","372.0"
"463","Kadarius Toney","","","WR149","372","","767","","","569.5"
"464","Jermaine Jackson","","","WR150","373","","","","","373.0"
"465","Darrynton Evans","BUF","7","RB108","","","374","","","374.0"
"466","Raheem Blackshear","CAR","14","RB109","374","","502","","","438.0"
"467","Clyde Edwards-Helaire","NO","11","RB110","","","375","","","375.0"
"468","Tai Felton","MIN","6","WR151","375","","526","","","450.5"
"469","Jaren Hall","","","QB70","377","","","","","377.0"
"470","Carson Wentz","","","QB71","378","","538","","","458.0"
"471","Hassan Haskins","LAC","12","RB111","","","379","","","379.0"
"472","DJ Chark Jr.","ATL","5","WR152","379","","741","","","560.0"
"473","Sincere McCormick","LV","8","RB112","","","381","","","381.0"
"474","D.J. Montgomery","IND","11","WR153","383","","561","","","472.0"
"475","E.J. Jenkins","PHI","9","TE65","","","384","","","384.0"
"476","Leonard Fournette","","","RB113","385","","","","","385.0"
"477","Chris Brooks","GB","5","RB114","","","385","","","385.0"
"478","Julius Chestnut","TEN","10","RB115","388","","501","","","444.5"
"479","Kimani Vidal","LAC","12","RB116","441","","447","","","444.0"
"480","Avery Williams","PHI","9","RB117","389","","581","","","485.0"
"481","Ja'Corey Brooks","WAS","12","WR154","390","","","","","390.0"
"482","Jacob Cowing","SF","14","WR155","","","392","","","392.0"
"483","Dorian Thompson-Robinson","PHI","9","QB72","393","","613","","","503.0"
"484","Jeremy McNichols","WAS","12","RB118","","","398","","","398.0"
"485","Eddy Pineiro","","","K42","398","","547","","","472.5"
"486","Cam Akers","NO","11","RB119","468","","431","","","449.5"
"487","Mo Alie-Cox","IND","11","TE66","","","401","","","401.0"
"488","Rondale Moore","MIN","6","WR156","402","","769","","","585.5"
"489","John Ross","","","WR157","403","","","","","403.0"
"490","Justin Watson","HOU","6","WR158","","","404","","","404.0"
"491","Tyler Scott","CHI","5","WR159","404","","791","","","597.5"
"492","Charlie Kolar","BAL","7","TE67","410","","494","","","452.0"
"493","Arian Smith","NYJ","9","WR160","405","","880","","","642.5"
"494","Melvin Gordon","III","","RB120","406","","","","","406.0"
"495","Van Jefferson","TEN","10","WR161","","","407","","","407.0"
"496","Charlie Jones","CIN","10","WR162","407","","612","","","509.5"
"497","Lucas Havrisik","","","K43","408","","","","","408.0"
"498","Cole Fotheringham","NE","14","TE68","409","","","","","409.0"
"499","Skyy Moore","KC","10","WR163","412","","496","","","454.0"
"500","Anthony Brown Jr.","","","QB73","411","","","","","411.0"
"501","Parker Washington","JAC","8","WR164","","","413","","","413.0"
"502","Xavier Gipson","NYJ","9","WR165","415","","624","","","519.5"
"503","Matt Corral","","","QB74","416","","","","","416.0"
"504","Trey Palmer","TB","9","WR166","","","416","","","416.0"
"505","Damien Harris","","","RB121","417","","","","","417.0"
"506","Hunter Luepke","DAL","10","RB122","","","417","","","417.0"
"507","Frank Gore Jr.","BUF","7","RB123","","","419","","","419.0"
"508","Quintez Cephus","HOU","6","WR167","419","","571","","","495.0"
"509","Lenny Krieg","ATL","5","K44","","","420","","","420.0"
"510","Efton Chism III","NE","14","WR168","420","","709","","","564.5"
"511","Sam Howell","MIN","6","QB75","421","","500","","","460.5"
"512","Phillip Dorsett II","LV","8","WR169","422","","","","","422.0"
"513","Ben Sauls","PIT","5","K45","","","422","","","422.0"
"514","Malachi Corley","NYJ","9","WR170","423","","816","","","619.5"
"515","Miles Boykin","CHI","5","WR171","424","","556","","","490.0"
"516","Mitch Van Vooren","CLE","9","WR172","","","425","","","425.0"
"517","Brayden Narveson","","","K46","426","","","","","426.0"
"518","Louis Rees-Zammit","","","RB124","428","","643","","","535.5"
"519","Tom Kennedy","DET","8","WR173","429","","565","","","497.0"
"520","Ian Thomas","LV","8","TE69","","","430","","","430.0"
"521","Aaron Shampklin","","","RB125","431","","","","","431.0"
"522","Jonathan Ward","NYG","14","RB126","","","432","","","432.0"
"523","LeQuint Allen Jr.","JAC","8","RB127","432","","863","","","647.5"
"524","John Metchie III","HOU","6","WR174","","","433","","","433.0"
"525","Jacob Kibodi","","","RB128","433","","","","","433.0"
"526","Israel Abanikanda","GB","5","RB129","434","","619","","","526.5"
"527","Laviska Shenault Jr.","BUF","7","WR175","435","","755","","","595.0"
"528","Matt Ammendola","","","K47","436","","","","","436.0"
"529","Tyrion Davis-Price","","","RB130","","","436","","","436.0"
"530","Ben Skowronek","PIT","5","WR176","448","","487","","","467.5"
"531","Malik Heath","GB","5","WR177","437","","622","","","529.5"
"532","Anders Carlson","","","K48","","","438","","","438.0"
"533","Matt Prater","","","K49","438","","534","","","486.0"
"534","Davis Allen","LAR","8","TE70","","","439","","","439.0"
"535","Derius Davis","LAC","12","WR178","","","440","","","440.0"
"536","Ryan Flournoy","DAL","10","WR179","440","","640","","","540.0"
"537","Michael Burton","DEN","12","RB131","477","","463","","","470.0"
"538","Chris Rodriguez Jr.","WAS","12","RB132","","","442","","","442.0"
"539","Kyle Trask","TB","9","QB76","442","","589","","","515.5"
"540","Malik Knowles","","","WR180","","","443","","","443.0"
"541","Devin Duvernay","CHI","5","WR181","443","","566","","","504.5"
"542","Jonathan Mingo","DAL","10","WR182","444","","611","","","527.5"
"543","Malik Washington","MIA","12","WR183","","","445","","","445.0"
"544","Charlie Smyth","NO","11","K50","","","446","","","446.0"
"545","Gardner Minshew II","KC","10","QB77","446","","560","","","503.0"
"546","Jamari Thrash","CLE","9","WR184","447","","809","","","628.0"
"547","Kendall Milton","CIN","10","RB133","","","449","","","449.0"
"548","Kyle Allen","DET","8","QB78","449","","553","","","501.0"
"549","Dillon Gabriel","CLE","9","QB79","","","451","","","451.0"
"550","Kyle McCord","PHI","9","QB80","451","","719","","","585.0"
"551","Jalen White","GB","5","RB134","","","452","","","452.0"
"552","Scotty Miller","PIT","5","WR185","453","","562","","","507.5"
"553","Chimere Dike","TEN","10","WR186","454","","857","","","655.5"
"554","Dominic Lovett","DET","8","WR187","455","","688","","","571.5"
"555","Darrell Henderson Jr.","","","RB135","456","","","","","456.0"
"556","Ihmir Smith-Marsette","NYG","14","WR188","457","","586","","","521.5"
"557","Tyrod Taylor","NYJ","9","QB81","","","458","","","458.0"
"558","Sean Clifford","GB","5","QB82","458","","","","","458.0"
"559","Greg Zuerlein","","","K51","","","460","","","460.0"
"560","Case Keenum","CHI","5","QB83","460","","","","","460.0"
"561","Jeremy Ruckert","NYJ","9","TE71","461","","782","","","621.5"
"562","Laquon Treadwell","IND","11","WR189","","","464","","","464.0"
"563","Javon Baker","NE","14","WR190","464","","815","","","639.5"
"564","Jacoby Brissett","ARI","8","QB84","","","465","","","465.0"
"565","Tommy Mellott","LV","8","QB85","465","","703","","","584.0"
"566","Jonathon Brooks","CAR","14","RB136","466","","808","","","637.0"
"567","Randy Bullock","","","K52","467","","","","","467.0"
"568","Eric Saubert","SEA","8","TE72","","","467","","","467.0"
"569","Irv Smith Jr.","HOU","6","TE73","469","","559","","","514.0"
"570","Dare Ogunbowale","HOU","6","RB137","","","470","","","470.0"
"571","Charlie Woerner","ATL","5","TE74","488","","481","","","484.5"
"572","Bub Means","NO","11","WR191","470","","517","","","493.5"
"573","Dante Pettis","NO","11","WR192","","","471","","","471.0"
"574","Nick Mullens","JAC","8","QB86","471","","736","","","603.5"
"575","KhaDarel Hodge","ATL","5","WR193","","","472","","","472.0"
"576","Foster Moreau","NO","11","TE75","","","473","","","473.0"
"577","Ja'Lynn Polk","NE","14","WR194","473","","647","","","560.0"
"578","Kalel Mullings","TEN","10","RB138","474","","858","","","666.0"
"579","Chase Edmonds","","","RB139","475","","","","","475.0"
"580","Trayveon Williams","CLE","9","RB140","","","475","","","475.0"
"581","Ko Kieft","TB","9","TE76","476","","785","","","630.5"
"582","Trenton Irwin","JAC","8","WR195","","","477","","","477.0"
"583","Malik Taylor","DET","8","WR196","","","478","","","478.0"
"584","Mike White","BUF","7","QB87","478","","738","","","608.0"
"585","Giovanni Ricci","MIN","6","TE77","","","479","","","479.0"
"586","Ian Book","","","QB88","479","","","","","479.0"
"587","Patrick Taylor Jr.","SF","14","RB141","","","480","","","480.0"
"588","Rasheen Ali","BAL","7","RB142","480","","515","","","497.5"
"589","Michael Badgley","","","K53","481","","","","","481.0"
"590","Colby Parkinson","LAR","8","TE78","","","482","","","482.0"
"591","Bailey Zappe","KC","10","QB89","482","","781","","","631.5"
"592","Ty Montgomery","II","","RB143","483","","","","","483.0"
"593","Kenny Yeboah","DET","8","TE79","","","483","","","483.0"
"594","Gus Edwards","","","RB144","484","","","","","484.0"
"595","Khalil Herbert","IND","11","RB145","","","484","","","484.0"
"596","Danny Gray","","","WR197","485","","","","","485.0"
"597","Brevin Jordan","HOU","6","TE80","","","486","","","486.0"
"598","Jamaal Williams","","","RB146","486","","540","","","513.0"
"599","Braxton Berrios","HOU","6","WR198","487","","739","","","613.0"
"600","Zach Davidson","BUF","7","TE81","","","488","","","488.0"
"601","Trey Sermon","PIT","5","RB147","","","489","","","489.0"
"602","Riley Leonard","IND","11","QB90","489","","524","","","506.5"
"603","Riley Patterson","","","K54","","","490","","","490.0"
"604","Tanner Brown","","","K55","490","","","","","490.0"
"605","Jaret Patterson","LAC","12","RB148","","","491","","","491.0"
"606","Carson Strong","","","QB91","491","","","","","491.0"
"607","Desmond Ridder","CIN","10","QB92","","","492","","","492.0"
"608","Tyreik McAllister","","","RB149","492","","","","","492.0"
"609","Tyler Badie","DEN","12","RB150","","","493","","","493.0"
"610","Michael Gallup","WAS","12","WR199","493","","543","","","518.0"
"611","Sam Ehlinger","DEN","12","QB93","494","","763","","","628.5"
"612","Nathan Peterman","","","QB94","495","","","","","495.0"
"613","Tyler Goodson","IND","11","RB151","","","495","","","495.0"
"614","Jamal Agnew","ATL","5","WR200","496","","541","","","518.5"
"615","Skylar Thompson","PIT","5","QB95","","","497","","","497.0"
"616","Zay Jones","ARI","8","WR201","497","","731","","","614.0"
"617","Kenny Pickett","CLE","9","QB96","","","498","","","498.0"
"618","Kylen Granson","PHI","9","TE82","498","","764","","","631.0"
"619","Ryan Tannehill","","","QB97","499","","","","","499.0"
"620","Bo Melton","GB","5","WR202","","","499","","","499.0"
"621","Justin Shorter","LV","8","WR203","","","503","","","503.0"
"622","Jalen Brooks","DAL","10","WR204","","","504","","","504.0"
"623","Josh Whyle","TEN","10","TE83","","","506","","","506.0"
"624","Xavier Hutchinson","HOU","6","WR205","","","507","","","507.0"
"625","Ronnie Bell","DET","8","WR206","","","508","","","508.0"
"626","Payne Durham","TB","9","TE84","","","509","","","509.0"
"627","Andre Szmyt","CLE","9","K56","","","510","","","510.0"
"628","Nikko Remigio","KC","10","WR207","","","511","","","511.0"
"629","Jordan Mims","TEN","10","RB152","","","512","","","512.0"
"630","Nate Adkins","DEN","12","TE85","","","513","","","513.0"
"631","Ryan Miller","TB","9","WR208","","","514","","","514.0"
"632","Devin Leary","BAL","7","QB98","","","516","","","516.0"
"633","George Holani","SEA","8","RB153","","","518","","","518.0"
"634","Jabari Small","DET","8","RB154","","","519","","","519.0"
"635","Terrell Jennings","NE","14","RB155","","","521","","","521.0"
"636","Jahmal Banks","BAL","7","WR209","","","522","","","522.0"
"637","Ryan Coe","TB","9","K57","","","530","","","530.0"
"638","Josh Johnson","WAS","12","QB99","","","533","","","533.0"
"639","Cordarrelle Patterson","","","RB156","","","535","","","535.0"
"640","Taylor Heinicke","LAC","12","QB100","","","536","","","536.0"
"641","Chris Moore","WAS","12","WR210","","","537","","","537.0"
"642","Josh Reynolds","NYJ","9","WR211","","","539","","","539.0"
"643","Pharaoh Brown","MIA","12","TE86","","","542","","","542.0"
"644","Hayden Hurst","","","TE87","","","544","","","544.0"
"645","John Kelly Jr.","","","RB157","","","545","","","545.0"
"646","Anthony Miller","BAL","7","WR212","","","546","","","546.0"
"647","Durham Smythe","CHI","5","TE88","","","548","","","548.0"
"648","Cedrick Wilson Jr.","NO","11","WR213","","","550","","","550.0"
"649","Ross Dwelley","SF","14","TE89","","","551","","","551.0"
"650","Russell Gage Jr.","SF","14","WR214","","","552","","","552.0"
"651","Keith Kirkwood","BAL","7","WR215","","","554","","","554.0"
"652","Kelvin Harmon","","","WR216","","","555","","","555.0"
"653","Jake Browning","CIN","10","QB101","","","557","","","557.0"
"654","Jakob Johnson","HOU","6","RB158","","","563","","","563.0"
"655","Steven Sims Jr.","SEA","8","WR217","","","564","","","564.0"
"656","Isaiah Hodgins","SF","14","WR218","","","567","","","567.0"
"657","Harrison Bryant","PHI","9","TE90","","","568","","","568.0"
"658","Sean McKeon","IND","11","TE91","","","570","","","570.0"
"659","Cody White","SEA","8","WR219","","","572","","","572.0"
"660","Jaheim Bell","NE","14","TE92","500","","646","","","573.0"
"661","Trishton Jackson","ARI","8","WR220","","","573","","","573.0"
"662","K.J. Osborn","WAS","12","WR221","","","574","","","574.0"
"663","DeeJay Dallas","ARI","8","RB159","","","576","","","576.0"
"664","Reggie Gilliam","BUF","7","RB160","","","577","","","577.0"
"665","Mason Kinsey","TEN","10","WR222","","","578","","","578.0"
"666","Tarik Black","MIA","12","WR223","","","579","","","579.0"
"667","Tim Jones","MIN","6","WR224","","","580","","","580.0"
"668","Demetric Felton Jr.","WAS","12","RB161","","","583","","","583.0"
"669","Davis Mills","HOU","6","QB102","","","584","","","584.0"
"670","Luke Farrell","SF","14","TE93","","","585","","","585.0"
"671","Gary Brightwell","CIN","10","RB162","","","587","","","587.0"
"672","Michael Carter","ARI","8","RB163","","","588","","","588.0"
"673","John Bates","WAS","12","TE94","","","590","","","590.0"
"674","Jack Stoll","NO","11","TE95","","","591","","","591.0"
"675","Michael Jacobson","NO","11","TE96","","","592","","","592.0"
"676","John FitzPatrick","GB","5","TE97","","","593","","","593.0"
"677","Michael Woods","II","","WR225","","","594","","","594.0"
"678","Treylon Burks","TEN","10","WR226","","","595","","","595.0"
"679","Drew Ogletree","IND","11","TE98","","","596","","","596.0"
"680","Nick Muse","PHI","9","TE99","","","597","","","597.0"
"681","Tyquan Thornton","KC","10","WR227","","","598","","","598.0"
"682","Irvin Charles","NYJ","9","WR228","","","599","","","599.0"
"683","Zonovan Knight","ARI","8","RB164","","","600","","","600.0"
"684","Britain Covey","LAR","8","WR229","","","601","","","601.0"
"685","Justyn Ross","","","WR230","","","602","","","602.0"
"686","Kendric Pryor","CIN","10","WR231","","","603","","","603.0"
"687","Kaden Davis","CLE","9","WR232","","","604","","","604.0"
"688","Brandon Johnson","PIT","5","WR233","","","605","","","605.0"
"689","Seth Green","","","TE100","","","606","","","606.0"
"690","Kevin Austin Jr.","NO","11","WR234","","","607","","","607.0"
"691","Jashaun Corbin","ATL","5","RB165","","","608","","","608.0"
"692","Stone Smartt","NYJ","9","TE101","","","609","","","609.0"
"693","Tucker Fisk","LAC","12","TE102","","","610","","","610.0"
"694","Lew Nichols III","PIT","5","RB166","","","614","","","614.0"
"695","Evan Hull","PIT","5","RB167","","","615","","","615.0"
"696","Zach Evans","","","RB168","","","617","","","617.0"
"697","Jake Haener","NO","11","QB103","","","618","","","618.0"
"698","Cameron Latu","PHI","9","TE103","","","620","","","620.0"
"699","Ben VanSumeren","PHI","9","LB1","","","625","","","625.0"
"700","Carlos Washington Jr.","ATL","5","RB169","","","626","","","626.0"
"701","Shedrick Jackson","LV","8","WR235","","","627","","","627.0"
"702","Jalen Cropper","DAL","10","WR236","","","628","","","628.0"
"703","Emari Demercado","ARI","8","RB170","","","629","","","629.0"
"704","Blake Whiteheart","CLE","9","TE104","","","630","","","630.0"
"705","Thayer Thomas","MIN","6","WR237","","","631","","","631.0"
"706","Johnny Lumpkin","GB","5","TE105","","","632","","","632.0"
"707","Tyrell Shavers","BUF","7","WR238","","","633","","","633.0"
"708","Rakim Jarrett","TB","9","WR239","","","634","","","634.0"
"709","Tanner Taula","TB","9","TE106","","","635","","","635.0"
"710","Kazmeir Allen","WAS","12","WR240","","","636","","","636.0"
"711","Lucky Jackson","MIN","6","WR241","","","637","","","637.0"
"712","Erick All Jr.","CIN","10","TE107","","","639","","","639.0"
"713","Jawhar Jordan","HOU","6","RB171","","","641","","","641.0"
"714","Cade Stover","HOU","6","TE108","","","642","","","642.0"
"715","Jared Wiley","KC","10","TE109","","","644","","","644.0"
"716","Tahj Washington","MIA","12","WR242","","","645","","","645.0"
"717","Dante Miller","NYG","14","RB172","","","648","","","648.0"
"718","Isaiah Davis","NYJ","9","RB173","","","649","","","649.0"
"719","Tip Reiman","ARI","8","TE110","","","651","","","651.0"
"720","Brenden Rice","LAC","12","WR243","","","652","","","652.0"
"721","Devin Culp","TB","9","TE111","","","653","","","653.0"
"722","Messiah Swinson","GB","5","TE112","","","654","","","654.0"
"723","McCallan Castles","LAC","12","TE113","","","655","","","655.0"
"724","Emani Bailey","CAR","14","RB174","","","656","","","656.0"
"725","Brenden Bates","CLE","9","TE114","","","657","","","657.0"
"726","Austin Reed","CHI","5","QB104","","","658","","","658.0"
"727","Cam Grandy","CIN","10","TE115","","","659","","","659.0"
"728","Blake Watson","DEN","12","RB175","","","660","","","660.0"
"729","David Martin-Robinson","TEN","10","TE116","","","661","","","661.0"
"730","Bryce Oliver","TEN","10","WR244","","","662","","","662.0"
"731","John Rhys Plumlee","SEA","8","QB105","","","663","","","663.0"
"732","Terique Owens","SF","14","WR245","","","664","","","664.0"
"733","Mason Pline","NO","11","TE117","","","665","","","665.0"
"734","Cody Schrader","LAR","8","RB176","","","666","","","666.0"
"735","Sam Hartman","WAS","12","QB106","","","667","","","667.0"
"736","Drake Stoops","LAR","8","WR246","","","668","","","668.0"
"737","Alex Hale","","","K58","","","669","","","669.0"
"738","Joshua Simon","ATL","5","TE118","","","670","","","670.0"
"739","Xavier Guillory","BAL","7","WR247","","","671","","","671.0"
"740","Marcus Major Jr.","BAL","7","RB177","","","672","","","672.0"
"741","Lucas Scott","BAL","7","RB178","","","673","","","673.0"
"742","Kayron Lynch-Adams","CAR","14","RB179","","","676","","","676.0"
"743","Jonathan Kim","CHI","5","K59","","","677","","","677.0"
"744","Jahdae Walker","CHI","5","WR248","","","678","","","678.0"
"745","Quali Conley","CIN","10","RB180","","","679","","","679.0"
"746","Payton Thorne","CIN","10","QB107","","","680","","","680.0"
"747","Luke Floriea","CLE","9","WR249","","","681","","","681.0"
"748","Rivaldo Fairweather","DAL","10","TE119","","","682","","","682.0"
"749","Traeshon Holden","DAL","10","WR250","","","683","","","683.0"
"750","Phil Mafah","DAL","10","RB181","","","684","","","684.0"
"751","Courtney Jackson","DEN","12","WR251","","","685","","","685.0"
"752","Caleb Lohner","DEN","12","TE120","","","686","","","686.0"
"753","Kye Robichaux","DET","8","RB182","","","689","","","689.0"
"754","Anthony Tyus III","SEA","8","RB183","","","690","","","690.0"
"755","Amar Johnson","GB","5","RB184","","","691","","","691.0"
"756","Drake Dabney","TEN","10","TE121","","","694","","","694.0"
"757","Gunnar Helm","TEN","10","TE122","","","695","","","695.0"
"758","Graham Mertz","HOU","6","QB108","","","696","","","696.0"
"759","Maddux Trujillo","IND","11","K60","","","697","","","697.0"
"760","Ja'Quinden Jackson","JAC","8","RB185","","","698","","","698.0"
"761","Jake Briningstool","KC","10","TE123","","","699","","","699.0"
"762","Jimmy Holiday","KC","10","WR252","","","700","","","700.0"
"763","Tru Edwards","LAR","8","WR253","","","701","","","701.0"
"764","Konata Mumpfield","LAR","8","WR254","","","702","","","702.0"
"765","Cam Miller","LV","8","QB109","","","704","","","704.0"
"766","Silas Bolden","MIN","6","WR255","","","705","","","705.0"
"767","Max Brosmer","MIN","6","QB110","","","706","","","706.0"
"768","Tre Stewart","MIN","6","RB186","","","707","","","707.0"
"769","Ben Yurosek","MIN","6","TE124","","","708","","","708.0"
"770","Gee Scott Jr.","NE","14","TE125","","","710","","","710.0"
"771","Ben Wooldridge","NE","14","QB111","","","711","","","711.0"
"772","Moochie Dixon","NO","11","WR256","","","712","","","712.0"
"773","Chris Tyree","NO","11","RB187","","","713","","","713.0"
"774","Beaux Collins","NYG","14","WR257","","","714","","","714.0"
"775","Brady Cook","NYJ","9","QB112","","","715","","","715.0"
"776","Donovan Edwards","NYJ","9","RB188","","","717","","","717.0"
"777","Darius Cooper","PHI","9","WR258","","","718","","","718.0"
"778","JJ Galbreath","PIT","5","TE126","","","720","","","720.0"
"779","Max Hurleman","PIT","5","CB1","","","721","","","721.0"
"780","Jordan Watkins","SF","14","WR259","","","723","","","723.0"
"781","Tyrone Broden","SEA","8","WR260","","","724","","","724.0"
"782","Nick Kallerup","SEA","8","TE127","","","725","","","725.0"
"783","Nate McCollum","ARI","8","WR261","","","726","","","726.0"
"784","Caden Prieskorn","DEN","12","TE128","","","728","","","728.0"
"785","Ameer Abdullah","SF","14","RB189","","","729","","","729.0"
"786","DeAndre Carter","CLE","9","WR262","","","730","","","730.0"
"787","Gerald Everett","","","TE129","","","732","","","732.0"
"788","Trent Taylor","SF","14","WR263","","","733","","","733.0"
"789","Johnny Mundt","JAC","8","TE130","","","734","","","734.0"
"790","Zach Pascal","NYG","14","WR264","","","735","","","735.0"
"791","Deon Cain","BUF","7","WR265","","","740","","","740.0"
"792","Tim Boyle","TEN","10","QB113","","","742","","","742.0"
"793","Trent Sherfield Sr.","DEN","12","WR266","","","743","","","743.0"
"794","John Wolford","JAC","8","QB114","","","744","","","744.0"
"795","Alec Ingold","MIA","12","RB190","","","745","","","745.0"
"796","Will Grier","DAL","10","QB115","","","746","","","746.0"
"797","Ashton Dulin","IND","11","WR267","","","747","","","747.0"
"798","Andy Isabella","","","WR268","","","748","","","748.0"
"799","Matt Sokol","BUF","7","TE131","","","749","","","749.0"
"800","Alex Bachman","LV","8","WR269","","","750","","","750.0"
"801","James Proche II","TEN","10","WR270","","","751","","","751.0"
"802","Scotty Washington","BAL","7","WR271","","","752","","","752.0"
"803","KJ Hamler","BUF","7","WR272","","","753","","","753.0"
"804","Albert Okwuegbunam Jr.","LV","8","TE132","","","754","","","754.0"
"805","Salvon Ahmed","IND","11","RB191","","","756","","","756.0"
"806","Marquez Callaway","","","WR273","","","757","","","757.0"
"807","Kristian Wilkerson","BUF","7","WR274","","","758","","","758.0"
"808","Lawrence Cager","WAS","12","WR275","","","759","","","759.0"
"809","Dominique Dafney","CAR","14","TE133","","","760","","","760.0"
"810","Chris Blair","ATL","5","WR276","","","761","","","761.0"
"811","Dez Fitzpatrick","LAC","12","WR277","","","762","","","762.0"
"812","Hunter Long","JAC","8","TE134","","","765","","","765.0"
"813","Kene Nwangwu","NYJ","9","RB192","","","766","","","766.0"
"814","Dee Eskridge","MIA","12","WR278","","","770","","","770.0"
"815","Quintin Morris","JAC","8","TE135","","","771","","","771.0"
"816","Feleipe Franks","ATL","5","QB116","","","772","","","772.0"
"817","Austin Trammell","JAC","8","WR279","","","773","","","773.0"
"818","Shane Zylstra","DET","8","TE136","","","774","","","774.0"
"819","Michael Bandy","DEN","12","WR280","","","775","","","775.0"
"820","Greg Dulcich","NYG","14","TE137","","","776","","","776.0"
"821","Montrell Washington","NYG","14","WR281","","","777","","","777.0"
"822","Samori Toure","CHI","5","WR282","","","778","","","778.0"
"823","Teagan Quitoriano","ATL","5","TE138","","","779","","","779.0"
"824","Jelani Woods","IND","11","TE139","","","780","","","780.0"
"825","Chris Oladokun","KC","10","QB117","","","783","","","783.0"
"826","Dareke Young","SEA","8","WR283","","","784","","","784.0"
"827","Zaire Mitchell-Paden","BAL","7","TE140","","","786","","","786.0"
"828","Jalen Virgil","BUF","7","WR284","","","787","","","787.0"
"829","Tanner Conner","MIA","12","TE141","","","788","","","788.0"
"830","Lucas Krull","DEN","12","TE142","","","789","","","789.0"
"831","Ronnie Rivers","LAR","8","RB193","","","790","","","790.0"
"832","Xavier Smith","LAR","8","WR285","","","792","","","792.0"
"833","Clayton Tune","ARI","8","QB118","","","793","","","793.0"
"834","Brayden Willis","SF","14","TE143","","","794","","","794.0"
"835","Zavier Scott","MIN","6","WR286","","","795","","","795.0"
"836","Brady Russell","SEA","8","TE144","","","796","","","796.0"
"837","Princeton Fant","DAL","10","TE145","","","797","","","797.0"
"838","John Stephens Jr.","DAL","10","WR287","","","798","","","798.0"
"839","Jesse Matthews","ATL","5","WR288","","","799","","","799.0"
"840","Jared Wayne","","","WR289","","","800","","","800.0"
"841","Elijah Cooks","PHI","9","WR290","","","801","","","801.0"
"842","Ben Sims","GB","5","TE146","","","802","","","802.0"
"843","Dylan Drummond","ATL","5","WR291","","","803","","","803.0"
"844","Ontaria Wilson","NYJ","9","WR292","","","804","","","804.0"
"845","Jordan Murray","CHI","5","TE147","","","805","","","805.0"
"846","Jase McClellan","","","RB194","","","806","","","806.0"
"847","Casey Washington","ATL","5","WR293","","","807","","","807.0"
"848","Michael Pratt","TB","9","QB119","","","810","","","810.0"
"849","Jha'Quan Jackson","TEN","10","WR294","","","811","","","811.0"
"850","Anthony Gould","IND","11","WR295","","","812","","","812.0"
"851","Keilan Robinson","PHI","9","RB195","","","813","","","813.0"
"852","Dylan Laube","LV","8","RB196","","","814","","","814.0"
"853","Cornelius Johnson","GB","5","WR296","","","817","","","817.0"
"854","Chris Collier","LV","8","RB197","","","818","","","818.0"
"855","Dayton Wade","BAL","7","WR297","","","819","","","819.0"
"856","Julian Hicks","GB","5","WR298","","","820","","","820.0"
"857","JaQuae Jackson","LAC","12","WR299","","","821","","","821.0"
"858","Xavier Johnson","HOU","6","WR300","","","822","","","822.0"
"859","Jack Plummer","CAR","14","QB120","","","823","","","823.0"
"860","Ian Wheeler","CHI","5","RB198","","","824","","","824.0"
"861","Brevyn Spann-Ford","DAL","10","TE148","","","825","","","825.0"
"862","Isaiah Williams","CIN","10","WR301","","","826","","","826.0"
"863","Jason Bean","IND","11","QB121","","","827","","","827.0"
"864","Joshua Cephus","JAC","8","WR302","","","828","","","828.0"
"865","Carter Bradley","SF","14","QB122","","","830","","","830.0"
"866","Jeshaun Jones","MIN","6","WR303","","","831","","","831.0"
"867","Dallin Holker","","","TE149","","","832","","","832.0"
"868","Mason Tipton","NO","11","WR304","","","833","","","833.0"
"869","Xavier Weaver","ARI","8","WR305","","","834","","","834.0"
"870","Tanner Mordecai","","","QB123","","","835","","","835.0"
"871","Kameron Johnson","TB","9","WR306","","","836","","","836.0"
"872","D.J. Williams","","","RB199","","","837","","","837.0"
"873","British Brooks","HOU","6","RB200","","","838","","","838.0"
"874","Neal Johnson","NYJ","9","TE150","","","839","","","839.0"
"875","Hayden Rucci","MIA","12","TE151","","","840","","","840.0"
"876","Jaelen Gill","","","WR307","","","841","","","841.0"
"877","Kevin Foelsch","","","TE152","","","842","","","842.0"
"878","Geor'Quarius Spivey","KC","10","TE153","","","843","","","843.0"
"879","Nick Nash","ATL","5","WR308","","","845","","","845.0"
"880","Kelly Akharaiyi","BUF","7","WR309","","","846","","","846.0"
"881","Jackson Hawes","BUF","7","TE154","","","847","","","847.0"
"882","Keleki Latu","BUF","7","TE155","","","848","","","848.0"
"883","Gage Larvadain","CLE","9","WR310","","","850","","","850.0"
"884","Josh Kelly","DAL","10","WR311","","","851","","","851.0"
"885","Tyler Neville","DAL","10","TE156","","","852","","","852.0"
"886","Zach Horton","DET","8","TE157","","","853","","","853.0"
"887","Jakobie Keeney-James","DET","8","WR312","","","854","","","854.0"
"888","Jackson Meeks","DET","8","WR313","","","855","","","855.0"
"889","Taylor Elgersma","GB","5","QB124","","","856","","","856.0"
"890","TJ Sheffield","TEN","10","WR314","","","859","","","859.0"
"891","Ajou Ajou","IND","11","WR315","","","860","","","860.0"
"892","Coleman Owen","IND","11","WR316","","","861","","","861.0"
"893","Landon Parker","IND","11","WR317","","","862","","","862.0"
"894","Cam Camper","JAC","8","WR318","","","864","","","864.0"
"895","Patrick Herbert","JAC","8","TE158","","","865","","","865.0"
"896","Elijhah Badger","KC","10","WR319","","","866","","","866.0"
"897","Tre Watson","KC","10","TE159","","","867","","","867.0"
"898","Elijah Young","KC","10","RB201","","","868","","","868.0"
"899","Brennan Presley","LAR","8","WR320","","","869","","","869.0"
"900","Anthony Torres","LAR","8","TE160","","","870","","","870.0"
"901","Ketron Jackson Jr.","LV","8","WR321","","","871","","","871.0"
"902","Andrew Armstrong","MIA","12","WR322","","","872","","","872.0"
"903","Jalin Conyers","MIA","12","TE161","","","873","","","873.0"
"904","AJ Henning","MIA","12","WR323","","","874","","","874.0"
"905","Myles Price","MIN","6","WR324","","","875","","","875.0"
"906","Lan Larison","NE","14","RB202","","","876","","","876.0"
"907","Marcus Yarns","NO","11","RB203","","","878","","","878.0"
"908","Thomas Fidone II","NYG","14","TE162","","","879","","","879.0"
"909","Montrell Johnson Jr.","PHI","9","RB204","","","881","","","881.0"
"910","ShunDerrick Powell","PHI","9","RB205","","","882","","","882.0"
"911","Roc Taylor","PIT","5","WR325","","","883","","","883.0"
"912","DJ Thomas-Jones","PIT","5","TE163","","","884","","","884.0"
"913","Raheim Sanders","LAC","12","RB206","","","885","","","885.0"
"914","DJ Uiagalelei","LAC","12","QB125","","","886","","","886.0"
"915","Junior Bergen","SF","14","WR326","","","887","","","887.0"
"916","Corey Kiner","SF","14","RB207","","","888","","","888.0"
"917","Kurtis Rourke","SF","14","QB126","","","889","","","889.0"
"918","Robbie Ouzts","SEA","8","TE164","","","890","","","890.0"
"919","Ricky White III","SEA","8","WR327","","","891","","","891.0"
"920","Jacardia Wright","SEA","8","RB208","","","892","","","892.0"
"921","Connor Bazelak","TB","9","QB127","","","893","","","893.0"
"922","Jacoby Jones","WAS","12","LB2","","","894","","","894.0"
"923","Mark McNamee","GB","5","K61","","","895","","","895.0"
"924","Winston Wright","","","WR328","","","896","","","896.0"
"925","Toa Taua","CLE","9","RB209","","","897","","","897.0"
"926","D.K. Kaufman","","","S1","","","898","","","898.0"
""
""