"Player","Team","POS","ATT","YDS","TDS","REC","YDS","TDS","FL","FPTS"
" "," ","","",""
"Saquon Barkley","PHI","RB1","20.3","102.4","0.7","2.4","18.4","0.1","0.1","17.0"
"Bijan Robinson","ATL","RB2","17.2","80.0","0.7","3.3","25.7","0.1","0.1","15.2"
"Derrick Henry","BAL","RB3","17.8","90.3","0.8","1.0","9.3","0.1","0.1","15.1"
"Jahmyr Gibbs","DET","RB4","13.6","70.8","0.7","3.3","29.4","0.2","0.1","14.8"
"Christian McCaffrey","SF","RB5","14.9","69.0","0.5","4.2","34.4","0.2","0.1","14.5"
"Jonathan Taylor","IND","RB6","21.4","89.3","0.7","1.7","13.2","0.1","0.1","14.3"
"Bucky Irving","TB","RB7","15.6","71.6","0.5","3.1","23.4","0.1","0.1","13.3"
"Josh Jacobs","GB","RB8","16.8","69.3","0.6","2.5","18.8","0.1","0.1","13.1"
"Kyren Williams","LAR","RB9","18.0","74.7","0.7","2.1","13.9","0.1","0.1","13.1"
"De'Von Achane","MIA","RB10","12.7","59.3","0.5","4.2","31.4","0.2","0.1","12.9"
"Ja'Marr Chase","CIN","WR1","0.2","1.2","0.0","6.7","86.4","0.7","0.1","12.8"
"Ashton Jeanty","LV","RB11","15.8","68.6","0.4","3.0","22.6","0.1","0.1","12.3"
"Chase Brown","CIN","RB12","16.5","63.8","0.5","3.2","22.7","0.1","0.1","12.2"
"James Cook","BUF","RB13","14.2","62.8","0.6","2.2","17.2","0.1","0.1","12.0"
"Justin Jefferson","MIN","WR2","0.0","0.4","0.0","6.5","87.0","0.5","0.1","11.9"
"James Conner","ARI","RB14","14.5","62.7","0.6","2.4","18.0","0.1","0.1","11.7"
"Omarion Hampton","LAC","RB15","14.5","63.7","0.5","2.3","17.0","0.1","0.1","11.6"
"Chuba Hubbard","CAR","RB16","16.6","67.9","0.5","2.5","16.4","0.1","0.1","11.4"
"Kenneth Walker III","SEA","RB17","16.7","60.5","0.5","2.6","19.4","0.1","0.1","11.1"
"CeeDee Lamb","DAL","WR3","0.5","3.6","0.0","6.5","77.9","0.4","0.1","10.9"
"Alvin Kamara","NO","RB18","12.9","53.5","0.3","3.9","29.6","0.1","0.1","10.9"
"Puka Nacua","LAR","WR4","0.8","4.4","0.1","6.1","78.5","0.4","0.1","10.8"
"Malik Nabers","NYG","WR5","0.2","1.6","0.0","6.1","79.1","0.4","0.1","10.7"
"Brian Thomas Jr.","JAC","WR6","0.3","1.4","0.0","5.5","77.2","0.5","0.1","10.7"
"A.J. Brown","PHI","WR7","0.0","0.0","0.0","5.2","77.1","0.5","0.1","10.5"
"Nico Collins","HOU","WR8","0.0","0.1","0.0","5.4","77.0","0.5","0.1","10.4"
"Amon-Ra St. Brown","DET","WR9","0.3","1.3","0.0","6.7","74.3","0.5","0.1","10.2"
"Breece Hall","NYJ","RB19","13.6","57.8","0.3","2.6","20.7","0.1","0.1","10.1"
"Xavier Worthy","KC","WR10","1.3","6.4","0.1","4.7","61.1","0.5","0.0","10.0"
"TreVeyon Henderson","NE","RB20","13.6","57.5","0.4","2.2","17.1","0.1","0.1","10.0"
"Mike Evans","TB","WR11","0.0","0.0","0.0","4.8","65.2","0.6","0.0","9.8"
"David Montgomery","DET","RB21","11.9","48.3","0.6","1.7","13.2","0.1","0.1","9.7"
"Drake London","ATL","WR12","0.0","0.3","0.0","5.6","69.5","0.5","0.1","9.6"
"RJ Harvey","DEN","RB22","11.3","51.4","0.3","2.3","17.7","0.1","0.0","9.5"
"Terry McLaurin","WAS","WR13","0.1","0.5","0.0","4.9","66.8","0.5","0.1","9.5"
"D'Andre Swift","CHI","RB23","14.8","53.1","0.4","2.1","15.5","0.1","0.1","9.3"
"Tee Higgins","CIN","WR14","0.0","0.0","0.0","5.1","64.1","0.5","0.1","9.3"
"Isiah Pacheco","KC","RB24","12.2","49.7","0.4","2.2","16.1","0.1","0.1","9.2"
"Tyreek Hill","MIA","WR15","0.5","1.4","0.0","5.3","67.1","0.4","0.1","9.2"
"Kaleb Johnson","PIT","RB25","15.8","55.1","0.4","1.5","11.1","0.1","0.1","9.2"
"Ladd McConkey","LAC","WR16","0.0","0.2","0.0","5.5","68.7","0.4","0.1","9.1"
"Brian Robinson Jr.","WAS","RB26","13.7","50.9","0.5","1.4","9.9","0.1","0.1","9.1"
"Aaron Jones Sr.","MIN","RB27","10.8","46.9","0.2","2.6","19.9","0.2","0.1","8.8"
"Marvin Harrison Jr.","ARI","WR17","0.0","0.0","0.0","4.5","63.5","0.4","0.1","8.8"
"Jameson Williams","DET","WR18","0.6","4.3","0.1","3.8","61.2","0.3","0.0","8.8"
"Tyrone Tracy Jr.","NYG","RB28","12.0","49.7","0.3","2.2","16.7","0.1","0.1","8.8"
"J.K. Dobbins","DEN","RB29","10.2","45.0","0.4","2.2","15.6","0.1","0.1","8.7"
"Zay Flowers","BAL","WR19","0.6","3.1","0.0","4.5","62.2","0.4","0.0","8.7"
"Davante Adams","LAR","WR20","0.0","0.0","0.0","4.7","60.5","0.5","0.0","8.7"
"Courtland Sutton","DEN","WR21","0.0","0.0","0.0","4.3","58.1","0.5","0.1","8.6"
"Rhamondre Stevenson","NE","RB30","12.4","48.0","0.4","1.7","11.8","0.1","0.1","8.6"
"Jaxon Smith-Njigba","SEA","WR22","0.4","2.1","0.0","5.2","61.4","0.4","0.1","8.6"
"George Kittle","SF","TE1","0.0","0.0","0.0","4.7","62.0","0.4","0.0","8.5"
"DK Metcalf","PIT","WR23","0.0","0.0","0.0","4.3","61.8","0.4","0.1","8.4"
"Travis Hunter","JAC","WR24","0.3","1.8","0.0","4.5","58.4","0.4","0.0","8.4"
"Trey McBride","ARI","TE2","0.0","0.2","0.0","6.2","62.0","0.4","0.0","8.4"
"Brock Bowers","LV","TE3","0.0","1.0","0.0","6.1","63.6","0.3","0.0","8.3"
"DJ Moore","CHI","WR25","0.5","2.8","0.0","4.9","58.9","0.4","0.1","8.2"
"Tony Pollard","TEN","RB31","12.6","50.1","0.3","2.2","14.5","0.1","0.1","8.2"
"Jaylen Warren","PIT","RB32","8.9","42.9","0.2","2.8","20.4","0.1","0.1","8.1"
"George Pickens","DAL","WR26","0.1","0.8","0.0","4.1","58.4","0.4","0.1","8.1"
"DeVonta Smith","PHI","WR27","0.0","0.2","0.0","4.9","58.7","0.4","0.0","8.1"
"Calvin Ridley","TEN","WR28","0.5","2.6","0.0","3.9","57.2","0.3","0.0","8.0"
"Tetairoa McMillan","CAR","WR29","0.0","0.8","0.0","4.4","58.2","0.4","0.0","7.9"
"Deebo Samuel Sr.","WAS","WR30","1.7","8.2","0.1","3.7","48.5","0.3","0.1","7.7"
"Jauan Jennings","SF","WR31","0.0","0.0","0.0","4.4","59.3","0.3","0.1","7.7"
"Jerry Jeudy","CLE","WR32","0.0","0.1","0.0","4.7","61.7","0.3","0.1","7.7"
"Garrett Wilson","NYJ","WR33","0.3","1.7","0.0","4.8","59.0","0.3","0.1","7.7"
"Rome Odunze","CHI","WR34","0.1","0.5","0.0","4.0","54.2","0.4","0.1","7.6"
"Travis Etienne Jr.","JAC","RB33","8.3","37.8","0.2","2.5","19.1","0.1","0.1","7.5"
"Jaylen Waddle","MIA","WR35","0.2","0.7","0.0","4.5","57.5","0.3","0.1","7.5"
"Matthew Golden","GB","WR36","0.0","0.8","0.0","3.9","52.9","0.4","0.0","7.4"
"Joe Mixon","HOU","RB34","12.5","36.9","0.3","1.5","12.3","0.1","0.0","7.4"
"Jayden Reed","GB","WR37","1.0","6.5","0.1","3.7","46.2","0.3","0.1","7.2"
"Ricky Pearsall","SF","WR38","0.3","1.9","0.0","4.0","54.6","0.3","0.1","7.2"
"Jerome Ford","CLE","RB35","12.5","39.6","0.2","2.0","13.9","0.1","0.1","7.0"
"Emeka Egbuka","TB","WR39","0.3","1.0","0.0","3.7","48.4","0.4","0.0","7.0"
"Keon Coleman","BUF","WR40","0.0","0.2","0.0","3.2","47.9","0.4","0.0","6.9"
"Mark Andrews","BAL","TE4","0.0","0.3","0.0","3.9","44.8","0.4","0.1","6.9"
"Jakobi Meyers","LV","WR41","0.1","0.7","0.0","4.6","52.4","0.3","0.1","6.9"
"Cooper Kupp","SEA","WR42","0.1","0.7","0.0","4.3","49.0","0.3","0.1","6.9"
"Khalil Shakir","BUF","WR43","0.0","0.3","0.0","4.8","53.3","0.3","0.1","6.8"
"Keenan Allen","LAC","WR44","0.0","0.0","0.0","4.3","49.3","0.3","0.0","6.8"
"Sam LaPorta","DET","TE5","0.0","0.0","0.0","4.3","46.5","0.4","0.0","6.8"
"Javonte Williams","DAL","RB36","9.7","33.4","0.3","2.0","13.8","0.1","0.0","6.7"
"Chris Olave","NO","WR45","0.0","0.1","0.0","4.2","52.2","0.3","0.1","6.7"
"Marquise Brown","KC","WR46","0.0","0.0","0.0","3.4","47.6","0.3","0.0","6.6"
"Tank Bigsby","JAC","RB37","11.6","41.5","0.3","0.9","6.4","0.0","0.1","6.5"
"Rashid Shaheed","NO","WR47","0.4","2.3","0.0","3.3","48.1","0.3","0.0","6.5"
"Jordan Mason","MIN","RB38","9.5","40.1","0.2","1.0","6.9","0.0","0.0","6.4"
"Stefon Diggs","NE","WR48","0.2","0.6","0.0","4.2","47.2","0.3","0.0","6.4"
"Travis Kelce","KC","TE6","0.0","0.1","0.0","4.6","45.1","0.3","0.1","6.4"
"Marvin Mims Jr.","DEN","WR49","1.4","6.1","0.1","2.9","38.4","0.3","0.1","6.3"
"Darnell Mooney","ATL","WR50","0.0","0.1","0.0","3.5","47.4","0.3","0.0","6.3"
"Cam Skattebo","NYG","RB39","9.1","34.8","0.2","1.6","12.0","0.1","0.1","6.2"
"Trey Benson","ARI","RB40","8.7","36.3","0.2","1.4","9.9","0.1","0.1","6.2"
"David Njoku","CLE","TE7","0.0","0.0","0.0","4.4","44.3","0.3","0.0","6.2"
"T.J. Hockenson","MIN","TE8","0.0","0.0","0.0","4.5","46.6","0.3","0.0","6.2"
"Jalen McMillan","TB","WR51","0.3","1.5","0.0","3.1","41.0","0.3","0.1","6.1"
"Michael Pittman Jr.","IND","WR52","0.0","0.1","0.0","4.1","48.5","0.2","0.1","6.0"
"Jayden Higgins","HOU","WR53","0.0","0.0","0.0","3.3","44.4","0.3","0.0","6.0"
"Rachaad White","TB","RB41","6.9","28.7","0.2","2.2","15.8","0.1","0.1","6.0"
"Zach Charbonnet","SEA","RB42","6.3","30.6","0.2","2.0","14.5","0.1","0.0","6.0"
"Austin Ekeler","WAS","RB43","5.2","22.9","0.2","2.3","18.7","0.1","0.1","5.8"
"Rashod Bateman","BAL","WR54","0.0","0.0","0.0","2.7","40.4","0.3","0.0","5.8"
"Josh Downs","IND","WR55","0.0","0.1","0.0","3.8","44.4","0.2","0.0","5.7"
"Najee Harris","LAC","RB44","6.4","30.6","0.3","1.1","7.4","0.0","0.0","5.6"
"Tyjae Spears","TEN","RB45","7.3","26.9","0.2","2.0","14.7","0.1","0.0","5.5"
"Dallas Goedert","PHI","TE9","0.0","0.0","0.0","3.8","40.5","0.2","0.1","5.4"
"Evan Engram","DEN","TE10","0.0","0.0","0.0","4.4","40.4","0.2","0.1","5.3"
"Tucker Kraft","GB","TE11","0.0","0.0","0.0","3.6","38.9","0.2","0.0","5.3"
"Adam Thielen","CAR","WR56","0.0","0.1","0.0","3.8","38.9","0.2","0.1","5.2"
"Cedric Tillman","CLE","WR57","0.0","0.1","0.0","3.0","39.6","0.2","0.0","5.2"
"Kyle Pitts Sr.","ATL","TE12","0.0","0.0","0.0","2.9","37.2","0.2","0.0","5.2"
"Ray Davis","BUF","RB46","5.7","28.8","0.2","0.8","6.6","0.0","0.0","5.1"
"Hunter Henry","NE","TE13","0.0","0.0","0.0","3.2","34.3","0.3","0.0","5.1"
"Dalton Kincaid","BUF","TE14","0.0","0.0","0.0","3.6","39.1","0.2","0.0","5.0"
"Luther Burden III","CHI","WR58","0.3","2.3","0.0","2.8","32.7","0.2","0.0","5.0"
"Tyler Allgeier","ATL","RB47","6.9","31.3","0.2","0.7","4.6","0.0","0.0","5.0"
"Tyler Warren","IND","TE15","0.0","0.6","0.0","3.3","35.3","0.2","0.0","4.9"
"Joshua Palmer","BUF","WR59","0.0","0.0","0.0","2.7","34.9","0.2","0.0","4.9"
"Dylan Sampson","CLE","RB48","8.5","27.6","0.2","1.1","8.3","0.1","0.0","4.9"
"Romeo Doubs","GB","WR60","0.0","0.0","0.0","2.8","33.8","0.3","0.0","4.8"
"Zach Ertz","WAS","TE16","0.0","0.0","0.0","3.4","30.8","0.3","0.0","4.7"
"Wan'Dale Robinson","NYG","WR61","0.1","0.9","0.0","3.8","37.1","0.2","0.0","4.7"
"Jake Ferguson","DAL","TE17","0.0","0.0","0.0","3.7","36.0","0.2","0.1","4.7"
"Xavier Legette","CAR","WR62","0.5","2.0","0.0","2.7","33.2","0.2","0.0","4.7"
"Christian Kirk","HOU","WR63","0.0","0.1","0.0","3.0","36.2","0.2","0.0","4.7"
"Cade Otton","TB","TE18","0.0","0.0","0.0","3.1","31.7","0.3","0.0","4.6"
"DeMario Douglas","NE","WR64","0.2","1.1","0.0","3.0","33.5","0.2","0.0","4.6"
"Colston Loveland","CHI","TE19","0.0","0.0","0.0","3.2","33.2","0.2","0.0","4.6"
"Jack Bech","LV","WR65","0.0","0.0","0.0","2.8","34.3","0.2","0.0","4.5"
"Tre' Harris","LAC","WR66","0.0","0.1","0.0","2.6","34.0","0.2","0.0","4.5"
"Darius Slayton","NYG","WR67","0.1","0.4","0.0","2.2","33.4","0.2","0.0","4.4"
"Brenton Strange","JAC","TE20","0.0","0.0","0.0","3.3","31.7","0.2","0.0","4.4"
"Kyle Williams","NE","WR68","0.2","0.5","0.0","2.2","30.4","0.2","0.0","4.4"
"Darren Waller","MIA","TE21","0.0","0.0","0.0","2.9","32.7","0.2","0.0","4.3"
"Dyami Brown","JAC","WR69","0.0","0.2","0.0","2.4","32.0","0.2","0.0","4.3"
"Jalen Nailor","MIN","WR70","0.2","1.2","0.0","2.3","29.0","0.2","0.0","4.3"
"Michael Wilson","ARI","WR71","0.0","0.1","0.0","2.6","30.7","0.2","0.0","4.3"
"Quinshon Judkins","CLE","RB49","0.0","26.1","0.2","0.8","5.6","0.0","0.0","4.3"
"Quentin Johnston","LAC","WR72","0.1","0.6","0.0","2.2","29.9","0.2","0.0","4.2"
"Mike Gesicki","CIN","TE22","0.0","0.0","0.0","2.9","29.6","0.2","0.0","4.2"
"Nick Chubb","HOU","RB50","6.8","25.4","0.2","0.5","3.9","0.0","0.0","4.2"
"Jaylen Wright","MIA","RB51","5.9","23.5","0.2","0.8","5.9","0.1","0.0","4.1"
"Theo Johnson","NYG","TE23","0.0","0.0","0.0","2.9","30.7","0.2","0.0","4.1"
"Jaydon Blue","DAL","RB52","4.8","22.0","0.1","1.2","8.8","0.0","0.0","4.0"
"Dalton Schultz","HOU","TE24","0.0","0.0","0.0","3.0","31.9","0.2","0.0","4.0"
"Mason Taylor","NYJ","TE25","0.0","0.0","0.0","3.0","30.0","0.2","0.0","4.0"
"Roschon Johnson","CHI","RB53","5.4","16.8","0.2","1.3","8.7","0.0","0.0","4.0"
"Pat Freiermuth","PIT","TE26","0.0","0.0","0.0","3.1","28.7","0.2","0.1","4.0"
"Chig Okonkwo","TEN","TE27","0.0","0.3","0.0","3.1","30.4","0.2","0.0","4.0"
"Alec Pierce","IND","WR73","0.0","0.0","0.0","1.8","28.8","0.2","0.0","3.9"
"Kareem Hunt","KC","RB54","3.9","19.9","0.2","0.9","6.1","0.0","0.0","3.9"
"Elijah Arroyo","SEA","TE28","0.0","0.0","0.0","2.5","28.1","0.2","0.0","3.9"
"Jonnu Smith","PIT","TE29","0.0","0.2","0.0","3.0","29.6","0.2","0.0","3.9"
"Justice Hill","BAL","RB55","2.3","10.3","0.1","2.2","18.0","0.1","0.0","3.9"
"Bhayshul Tuten","JAC","RB56","3.4","20.7","0.1","1.0","7.6","0.0","0.0","3.9"
"Tyler Higbee","LAR","TE30","0.0","0.0","0.0","2.9","26.9","0.2","0.0","3.8"
"Rashee Rice","KC","WR74","0.0","0.2","0.0","2.5","28.1","0.2","0.0","3.8"
"Josh Reynolds","NYJ","WR75","0.0","0.0","0.0","2.2","27.3","0.2","0.0","3.8"
"Rico Dowdle","CAR","RB57","4.5","20.9","0.1","1.2","8.7","0.1","0.0","3.8"
"Isaac Guerendo","SF","RB58","6.5","23.9","0.2","0.4","3.1","0.0","0.0","3.8"
"Nick Westbrook-Ikhine","MIA","WR76","0.0","0.0","0.0","1.8","24.4","0.2","0.0","3.7"
"DeAndre Hopkins","BAL","WR77","0.0","0.0","0.0","2.0","24.1","0.2","0.0","3.7"
"Tyler Lockett","TEN","WR78","0.0","0.0","0.0","2.4","25.7","0.2","0.0","3.6"
"Isaiah Likely","BAL","TE31","0.0","0.0","0.0","1.9","23.0","0.2","0.0","3.5"
"Adonai Mitchell","IND","WR79","0.3","1.4","0.0","1.6","23.9","0.2","0.0","3.5"
"Ja'Tavion Sanders","CAR","TE32","0.0","0.0","0.0","2.6","25.8","0.2","0.0","3.5"
"Tutu Atwell","LAR","WR80","0.3","1.3","0.0","2.1","26.5","0.1","0.0","3.5"
"Braelon Allen","NYJ","RB59","6.2","20.8","0.1","0.7","5.1","0.0","0.0","3.5"
"Calvin Austin III","PIT","WR81","0.0","0.4","0.0","2.0","26.1","0.1","0.0","3.5"
"Brandin Cooks","NO","WR82","0.0","0.2","0.0","2.0","24.8","0.1","0.0","3.3"
"Diontae Johnson","CLE","WR83","0.0","0.0","0.0","2.1","24.8","0.2","0.0","3.3"
"Demarcus Robinson","SF","WR84","0.0","0.0","0.0","1.6","24.1","0.2","0.0","3.3"
"Miles Sanders","DAL","RB60","5.2","18.8","0.1","0.7","4.8","0.0","0.0","3.3"
"Juwan Johnson","NO","TE33","0.0","0.0","0.0","2.4","24.7","0.1","0.0","3.2"
"Jalen Coker","CAR","WR85","0.0","0.2","0.0","1.9","23.0","0.1","0.0","3.1"
"Marquez Valdes-Scantling","SEA","WR86","0.0","0.0","0.0","1.4","22.4","0.1","0.0","3.1"
"Will Shipley","PHI","RB61","3.4","15.5","0.1","0.7","5.0","0.0","0.0","3.0"
"Ray-Ray McCloud III","ATL","WR87","0.5","2.9","0.0","2.0","20.8","0.1","0.0","3.0"
"Ty Johnson","BUF","RB62","1.8","10.6","0.1","1.1","11.0","0.1","0.0","3.0"
"Jordan Whittington","LAR","WR88","0.1","1.2","0.0","1.9","20.7","0.1","0.0","3.0"
"Chris Godwin","TB","WR89","0.0","0.1","0.0","1.9","20.5","0.2","0.0","2.9"
"Noah Gray","KC","TE34","0.0","0.0","0.0","2.0","19.5","0.2","0.0","2.9"
"Pat Bryant","DEN","WR90","0.0","0.0","0.0","1.6","19.5","0.2","0.0","2.9"
"KaVontae Turpin","DAL","WR91","0.7","4.2","0.0","1.3","16.9","0.1","0.0","2.9"
"Jaylin Noel","HOU","WR92","0.0","0.0","0.0","1.7","21.0","0.1","0.0","2.9"
"Tyler Conklin","LAC","TE35","0.0","0.0","0.0","2.1","19.4","0.1","0.0","2.8"
"Kendre Miller","NO","RB63","5.2","16.8","0.1","0.7","5.0","0.0","0.0","2.8"
"Allen Lazard","NYJ","WR93","0.0","0.0","0.0","1.6","20.7","0.1","0.0","2.8"
"AJ Barner","SEA","TE36","0.0","0.0","0.0","2.0","19.5","0.1","0.0","2.8"
"Andrei Iosivas","CIN","WR94","0.0","0.0","0.0","1.6","18.3","0.1","0.0","2.7"
"Noah Fant","CIN","TE37","0.0","0.0","0.0","1.9","18.9","0.1","0.0","2.7"
"Troy Franklin","DEN","WR95","0.1","0.6","0.0","1.3","17.7","0.1","0.0","2.7"
"Raheem Mostert","LV","RB64","2.8","15.0","0.1","0.6","4.2","0.0","0.0","2.7"
"Jalen Tolbert","DAL","WR96","0.0","0.0","0.0","1.6","19.4","0.1","0.0","2.7"
"Noah Brown","WAS","WR97","0.0","0.0","0.0","1.7","20.4","0.1","0.0","2.7"
"MarShawn Lloyd","GB","RB65","4.5","13.4","0.1","0.8","5.3","0.0","0.0","2.6"
"Jalen Royals","KC","WR98","0.0","0.0","0.0","1.5","17.9","0.1","0.0","2.6"
"Samaje Perine","CIN","RB66","3.0","10.5","0.1","0.9","7.2","0.1","0.0","2.5"
"Tre Tucker","LV","WR99","0.5","2.3","0.0","1.3","17.0","0.1","0.0","2.5"
"Curtis Samuel","BUF","WR100","0.3","1.8","0.0","1.5","14.9","0.1","0.0","2.5"
"Dontayvion Wicks","GB","WR101","0.0","0.0","0.0","1.4","17.7","0.1","0.0","2.5"
"Jermaine Burton","CIN","WR102","0.0","0.2","0.0","1.2","17.0","0.1","0.0","2.4"
"Dont'e Thornton Jr.","LV","WR103","0.0","0.3","0.0","1.4","17.7","0.1","0.0","2.4"
"Woody Marks","HOU","RB67","2.1","10.4","0.1","1.0","7.2","0.0","0.0","2.4"
"Greg Dortch","ARI","WR104","0.3","2.0","0.0","1.6","15.2","0.1","0.0","2.3"
"JuJu Smith-Schuster","KC","WR105","0.0","0.0","0.0","1.5","16.5","0.1","0.0","2.3"
"Will Dissly","LAC","TE38","0.0","0.0","0.0","1.8","17.2","0.1","0.0","2.3"
"Michael Mayer","LV","TE39","0.0","0.0","0.0","1.8","17.1","0.1","0.0","2.3"
"Malik Washington","MIA","WR106","0.2","1.2","0.0","1.5","16.1","0.1","0.0","2.3"
"Cole Kmet","CHI","TE40","0.0","0.0","0.0","1.7","15.6","0.1","0.1","2.2"
"Tai Felton","MIN","WR107","0.0","0.4","0.0","1.3","15.0","0.1","0.0","2.2"
"Elic Ayomanor","TEN","WR108","0.0","0.3","0.0","1.3","15.3","0.1","0.0","2.1"
"Elijah Mitchell","KC","RB68","3.0","11.7","0.1","0.5","3.3","0.0","0.0","2.1"
"Roman Wilson","PIT","WR109","0.0","0.0","0.0","1.2","15.3","0.1","0.0","2.1"
"Robert Woods","PIT","WR110","0.0","0.0","0.0","1.4","15.1","0.1","0.0","2.0"
"Chimere Dike","TEN","WR111","0.1","0.7","0.0","1.1","14.4","0.1","0.0","2.0"
"Kyle Monangai","CHI","RB69","2.0","11.8","0.1","0.4","2.6","0.0","0.0","2.0"
"Dawson Knox","BUF","TE41","0.0","0.0","0.0","1.2","13.0","0.1","0.0","2.0"
"Blake Corum","LAR","RB70","3.3","11.0","0.1","0.4","2.6","0.0","0.0","2.0"
"Devaughn Vele","DEN","WR112","0.0","0.1","0.0","1.4","13.7","0.1","0.0","2.0"
"Kayshon Boutte","NE","WR113","0.0","0.0","0.0","1.0","13.2","0.1","0.0","1.9"
"Austin Hooper","NE","TE42","0.0","0.0","0.0","1.4","13.7","0.1","0.0","1.9"
"Malachi Corley","NYJ","WR114","0.3","2.2","0.0","1.2","12.0","0.1","0.0","1.9"
"Devin Neal","NO","RB71","2.0","11.7","0.1","0.3","2.1","0.0","0.0","1.9"
"Tahj Brooks","CIN","RB72","1.6","10.7","0.1","0.3","2.2","0.0","0.0","1.8"
"Kenneth Gainwell","PIT","RB73","1.9","8.5","0.1","0.5","3.8","0.0","0.0","1.8"
"Harold Fannin Jr.","CLE","TE43","0.0","0.0","0.0","1.3","12.8","0.1","0.0","1.8"
"Mack Hollins","NE","WR115","0.0","0.0","0.0","0.9","11.3","0.1","0.0","1.7"
"Dameon Pierce","HOU","RB74","0.0","10.2","0.1","0.3","2.4","0.0","0.1","1.7"
"Ben Sinnott","WAS","TE44","0.0","0.0","0.0","1.2","11.3","0.1","0.0","1.7"
"Devin Singletary","NYG","RB75","0.7","9.3","0.1","0.4","2.7","0.0","0.0","1.7"
"Jaleel McLaughlin","DEN","RB76","0.8","9.3","0.1","0.4","2.9","0.0","0.0","1.7"
"Jacory Croskey-Merritt","WAS","RB77","1.1","10.1","0.1","0.3","2.0","0.0","0.0","1.7"
"Van Jefferson","TEN","WR116","0.0","0.0","0.0","1.0","11.9","0.1","0.0","1.7"
"Foster Moreau","NO","TE45","0.0","0.0","0.0","1.1","11.2","0.1","0.0","1.7"
"Savion Williams","GB","WR117","0.3","1.3","0.0","0.8","10.0","0.1","0.0","1.6"
"Isaiah Davis","NYJ","RB78","1.1","9.7","0.1","0.3","2.4","0.0","0.0","1.6"
"Tim Patrick","DET","WR118","0.0","0.0","0.0","1.0","11.8","0.1","0.0","1.6"
"Tory Horton","SEA","WR119","0.0","0.0","0.0","0.9","11.8","0.1","0.0","1.6"
"Rondale Moore","MIN","WR120","0.2","1.2","0.0","1.1","10.8","0.1","0.0","1.6"
"Parker Washington","JAC","WR121","0.0","0.1","0.0","1.0","11.1","0.1","0.0","1.6"
"Elijah Moore","BUF","WR122","0.0","0.2","0.0","1.0","10.8","0.1","0.0","1.5"
"Tommy Tremble","CAR","TE46","0.0","0.0","0.0","1.0","10.2","0.1","0.0","1.5"
"Isaac TeSlaa","DET","WR123","0.0","0.0","0.0","0.8","10.6","0.1","0.0","1.5"
"Trevor Etienne","CAR","RB79","1.4","8.3","0.1","0.4","3.1","0.0","0.0","1.5"
"Keaton Mitchell","BAL","RB80","2.0","9.0","0.1","0.2","1.8","0.0","0.0","1.5"
"Kendrick Bourne","NE","WR124","0.2","0.5","0.0","0.8","8.9","0.1","0.0","1.4"
"Brashard Smith","KC","RB81","0.6","5.5","0.0","0.5","3.8","0.0","0.0","1.4"
"Emanuel Wilson","GB","RB82","0.3","6.8","0.1","0.4","3.1","0.0","0.0","1.4"
"Sean Tucker","TB","RB83","1.9","8.9","0.1","0.3","2.0","0.0","0.0","1.4"
"Antonio Gibson","NE","RB84","0.6","5.8","0.0","0.5","3.6","0.0","0.0","1.4"
"Olamide Zaccheaus","CHI","WR125","0.1","0.5","0.0","0.8","8.5","0.1","0.0","1.3"
"Elijah Higgins","ARI","TE47","0.0","0.0","0.0","1.0","9.7","0.1","0.0","1.3"
"Terrance Ferguson","LAR","TE48","0.0","0.0","0.0","0.9","9.0","0.1","0.0","1.3"
"Luke McCaffrey","WAS","WR126","0.0","0.1","0.0","0.9","9.3","0.1","0.0","1.3"
"Jarquez Hunter","LAR","RB85","1.8","7.9","0.1","0.3","1.8","0.0","0.0","1.3"
"Montrell Johnson Jr.","PHI","RB86","0.0","8.1","0.1","0.2","1.2","0.0","0.0","1.3"
"Chris Rodriguez Jr.","WAS","RB87","0.0","7.8","0.1","0.2","1.4","0.0","0.0","1.3"
"Luke Musgrave","GB","TE49","0.0","0.0","0.0","0.9","9.6","0.1","0.0","1.3"
"Ollie Gordon II","MIA","RB88","2.1","7.9","0.1","0.2","1.5","0.0","0.0","1.3"
"DJ Giddens","IND","RB89","0.9","6.8","0.1","0.3","2.2","0.0","0.0","1.2"
"Josh Oliver","MIN","TE50","0.0","0.0","0.0","0.8","7.8","0.1","0.0","1.2"
"Jahan Dotson","PHI","WR127","0.0","0.2","0.0","0.8","8.8","0.1","0.0","1.2"
"Dare Ogunbowale","HOU","RB90","0.5","3.8","0.0","0.8","5.6","0.0","0.0","1.2"
"Cade Stover","HOU","TE51","0.0","0.0","0.0","0.9","8.9","0.1","0.0","1.2"
"Oronde Gadsden II","LAC","TE52","0.0","0.0","0.0","0.8","8.2","0.1","0.0","1.2"
"KhaDarel Hodge","ATL","WR128","0.0","0.0","0.0","0.7","8.2","0.1","0.0","1.1"
"Jaylin Lane","WAS","WR129","0.1","0.8","0.0","0.6","6.7","0.1","0.0","1.1"
"Adam Trautman","DEN","TE53","0.0","0.0","0.0","0.7","6.9","0.1","0.0","1.1"
"Charlie Kolar","BAL","TE54","0.0","0.1","0.0","0.7","7.0","0.1","0.0","1.1"
"Jake Bobo","SEA","WR130","0.0","0.0","0.0","0.7","7.8","0.1","0.0","1.1"
"Zay Jones","ARI","WR131","0.0","0.2","0.0","0.7","7.5","0.1","0.0","1.1"
"Josh Whyle","TEN","TE55","0.0","0.0","0.0","0.8","7.8","0.1","0.0","1.1"
"Luke Schoonmaker","DAL","TE56","0.0","0.0","0.0","0.8","7.4","0.1","0.0","1.0"
"A.J. Dillon","PHI","RB91","0.8","6.3","0.0","0.2","1.3","0.0","0.0","1.0"
"Ja'Lynn Polk","NE","WR132","0.0","0.0","0.0","0.6","7.0","0.1","0.0","1.0"
"Alexander Mattison","MIA","RB92","0.5","5.6","0.0","0.3","1.8","0.0","0.0","1.0"
"Kalif Raymond","DET","WR133","0.0","0.3","0.0","0.7","7.7","0.0","0.0","1.0"
"Arian Smith","NYJ","WR134","0.0","0.4","0.0","0.6","7.3","0.0","0.0","1.0"
"Derius Davis","LAC","WR135","0.6","2.7","0.0","0.4","4.9","0.0","0.0","1.0"
"Khalil Herbert","IND","RB93","0.6","5.8","0.1","0.1","0.9","0.0","0.0","1.0"
"Gunnar Helm","TEN","TE57","0.0","0.0","0.0","0.7","7.2","0.0","0.0","1.0"
"Sincere McCormick","LV","RB94","1.4","5.6","0.0","0.3","1.8","0.0","0.0","1.0"
"Tez Johnson","TB","WR136","0.0","0.1","0.0","0.5","6.6","0.0","0.0","0.9"
"Jordan James","SF","RB95","1.2","5.7","0.0","0.1","1.1","0.0","0.0","0.9"
"Tim Jones","MIN","WR137","0.0","0.0","0.0","0.6","7.0","0.0","0.0","0.9"
"Clyde Edwards-Helaire","NO","RB96","2.5","6.5","0.0","0.1","1.0","0.0","0.0","0.9"
"Ty Chandler","MIN","RB97","0.3","4.5","0.0","0.3","2.2","0.0","0.0","0.9"
"Grant Calcaterra","PHI","TE58","0.0","0.0","0.0","0.6","5.9","0.1","0.0","0.9"
"Emari Demercado","ARI","RB98","0.8","4.1","0.0","0.4","2.6","0.0","0.0","0.9"
"Chris Brooks","GB","RB99","0.7","4.6","0.0","0.2","1.3","0.0","0.0","0.9"
"Kyle Juszczyk","SF","RB100","0.3","1.0","0.0","0.7","5.4","0.0","0.0","0.9"
"Damien Martinez","SEA","RB101","0.5","5.2","0.0","0.2","1.3","0.0","0.0","0.9"
"Daniel Bellinger","NYG","TE59","0.0","0.0","0.0","0.7","6.2","0.0","0.0","0.9"
"Jeremy Ruckert","NYJ","TE60","0.0","0.0","0.0","0.7","6.1","0.0","0.0","0.8"
"Colby Parkinson","LAR","TE61","0.0","0.0","0.0","0.5","5.2","0.0","0.0","0.8"
"Alec Ingold","MIA","RB102","0.5","1.9","0.0","0.5","3.8","0.0","0.0","0.8"
"Justin Watson","HOU","WR138","0.0","0.0","0.0","0.4","5.4","0.0","0.0","0.8"
"Jalin Hyatt","NYG","WR139","0.0","0.0","0.0","0.4","5.5","0.0","0.0","0.8"
"Julian Hill","MIA","TE62","0.0","0.0","0.0","0.5","4.6","0.1","0.0","0.8"
"Kimani Vidal","LAC","RB103","0.2","3.5","0.0","0.2","1.6","0.0","0.0","0.8"
"Javon Baker","NE","WR140","0.0","0.0","0.0","0.4","4.8","0.0","0.0","0.7"
"Charlie Woerner","ATL","TE63","0.0","0.0","0.0","0.5","4.4","0.0","0.0","0.7"
"Pierre Strong Jr.","CLE","RB104","0.7","2.6","0.0","0.4","3.4","0.0","0.0","0.7"
"Darnell Washington","PIT","TE64","0.0","0.0","0.0","0.5","5.0","0.0","0.0","0.7"
"Stone Smartt","NYJ","TE65","0.0","0.0","0.0","0.5","5.2","0.0","0.0","0.7"
"Brevyn Spann-Ford","DAL","TE66","0.0","0.0","0.0","0.4","4.2","0.0","0.0","0.7"
"Bub Means","NO","WR141","0.0","0.1","0.0","0.4","4.3","0.0","0.0","0.7"
"Devontez Walker","BAL","WR142","0.0","0.2","0.0","0.3","4.2","0.0","0.0","0.6"
"Tyler Goodson","IND","RB105","0.0","2.4","0.0","0.3","2.0","0.0","0.0","0.6"
"Dante Pettis","NO","WR143","0.1","0.8","0.0","0.3","4.0","0.0","0.0","0.6"
"Payne Durham","TB","TE67","0.0","0.0","0.0","0.4","4.0","0.0","0.0","0.6"
"Jaheim Bell","NE","TE68","0.0","0.0","0.0","0.4","4.1","0.0","0.0","0.6"
"Brevin Jordan","HOU","TE69","0.0","0.0","0.0","0.4","4.1","0.0","0.0","0.6"
"Ben Yurosek","MIN","TE70","0.0","0.0","0.0","0.6","6.2","0.0","0.0","0.6"
"Tanner Hudson","CIN","TE71","0.0","0.0","0.0","0.4","4.0","0.0","0.0","0.6"
"Audric Estime","DEN","RB106","0.6","3.5","0.0","0.0","0.3","0.0","0.0","0.6"
"Devin Culp","TB","TE72","0.0","0.0","0.0","0.4","4.1","0.0","0.0","0.6"
"Johnny Wilson","PHI","WR144","0.0","0.0","0.0","0.3","3.7","0.0","0.0","0.6"
"John Metchie III","HOU","WR145","0.0","0.1","0.0","0.3","3.6","0.0","0.0","0.6"
"Sterling Shepard","TB","WR146","0.0","0.2","0.0","0.4","3.4","0.0","0.0","0.6"
"John Bates","WAS","TE73","0.0","0.0","0.0","0.3","3.1","0.0","0.0","0.6"
"Taysom Hill","NO","TE74","0.0","1.9","0.0","0.1","0.6","0.0","0.0","0.6"
"Xavier Restrepo","TEN","WR147","0.0","0.1","0.0","0.3","3.6","0.0","0.0","0.6"
"Tylan Wallace","BAL","WR148","0.0","0.1","0.0","0.2","3.0","0.0","0.0","0.5"
"Zamir White","LV","RB107","0.0","3.0","0.0","0.1","0.5","0.0","0.0","0.5"
"Rasheen Ali","BAL","RB108","0.3","3.0","0.0","0.1","0.7","0.0","0.0","0.5"
"Drew Sample","CIN","TE75","0.0","0.0","0.0","0.4","3.4","0.0","0.0","0.5"
"Tommy Mellott","LV","QB1","0.2","1.4","0.0","0.2","2.5","0.0","0.0","0.5"
"Kalel Mullings","TEN","RB109","0.6","3.2","0.0","0.1","0.9","0.0","0.0","0.5"
"Lil'Jordan Humphrey","NYG","WR149","0.0","0.0","0.0","0.3","3.4","0.0","0.0","0.5"
"Jashaun Corbin","ATL","RB110","0.5","2.3","0.0","0.1","0.9","0.0","0.0","0.5"
"David Moore","CAR","WR150","0.0","0.0","0.0","0.4","4.6","0.0","0.0","0.5"
"Carlos Washington Jr.","ATL","RB111","0.5","2.2","0.0","0.1","0.9","0.0","0.0","0.5"
"Johnny Mundt","JAC","TE76","0.0","0.0","0.0","0.4","3.6","0.0","0.0","0.5"
"Jonathan Mingo","DAL","WR151","0.0","0.0","0.0","0.3","3.9","0.0","0.0","0.5"
"Lucas Krull","DEN","TE77","0.0","0.0","0.0","0.4","4.3","0.0","0.0","0.5"
"Kylen Granson","PHI","TE78","0.0","0.0","0.0","0.3","4.2","0.0","0.0","0.5"
"Mitchell Evans","CAR","TE79","0.0","0.0","0.0","0.4","4.2","0.0","0.0","0.4"
"Hunter Luepke","DAL","RB112","0.3","1.4","0.0","0.3","1.9","0.0","0.0","0.4"
"Tucker Fisk","LAC","TE80","0.0","0.0","0.0","0.3","2.5","0.0","0.0","0.4"
"Jackson Hawes","BUF","TE81","0.0","0.0","0.0","0.4","3.9","0.0","0.0","0.4"
"Michael Burton","DEN","RB113","0.3","1.2","0.0","0.2","1.7","0.0","0.0","0.4"
"Eric Saubert","SEA","TE82","0.0","0.0","0.0","0.3","2.7","0.0","0.0","0.4"
"Mo Alie-Cox","IND","TE83","0.0","0.0","0.0","0.3","3.0","0.0","0.0","0.4"
"Nikko Remigio","KC","WR152","0.0","0.0","0.0","0.2","2.7","0.0","0.0","0.4"
"Tip Reiman","ARI","TE84","0.0","0.0","0.0","0.3","3.2","0.0","0.0","0.4"
"Hunter Renfrow","CAR","WR153","0.0","0.0","0.0","0.3","2.6","0.0","0.0","0.4"
"Jordan Watkins","SF","WR154","0.3","0.7","0.0","0.2","2.4","0.0","0.0","0.4"
"Mecole Hardman Jr.","GB","WR155","0.0","0.3","0.0","0.2","2.2","0.0","0.0","0.4"
"Treylon Burks","TEN","WR156","0.1","0.7","0.0","0.2","2.4","0.0","0.0","0.4"
"Michael Carter","ARI","RB114","0.0","2.1","0.0","0.1","0.6","0.0","0.0","0.4"
"Brock Wright","DET","TE85","0.0","0.0","0.0","0.2","2.3","0.0","0.0","0.4"
"Craig Reynolds","DET","RB115","0.3","2.1","0.0","0.1","1.1","0.0","0.0","0.3"
"Jamal Agnew","ATL","WR157","0.0","0.0","0.0","0.2","2.2","0.0","0.0","0.3"
"Michael Gallup","WAS","WR158","0.0","0.0","0.0","0.2","2.1","0.0","0.0","0.3"
"Harrison Bryant","PHI","TE86","0.0","0.0","0.0","0.4","3.0","0.0","0.0","0.3"
"Jacob Cowing","SF","WR159","0.0","0.0","0.0","0.2","2.7","0.0","0.0","0.3"
"Britain Covey","LAR","WR160","0.1","0.8","0.0","0.1","1.2","0.0","0.0","0.3"
"Carson Steele","KC","RB116","0.2","1.0","0.0","0.1","1.0","0.0","0.0","0.3"
"Jalen Reagor","LAC","WR161","0.0","0.0","0.0","0.2","2.5","0.0","0.0","0.3"
"Austin Trammell","JAC","WR162","0.0","0.0","0.0","0.2","2.4","0.0","0.0","0.3"
"Ian Thomas","LV","TE87","0.0","0.0","0.0","0.2","2.3","0.0","0.0","0.3"
"Nick Nash","ATL","WR163","0.0","0.0","0.0","0.2","2.3","0.0","0.0","0.3"
"Luke Farrell","SF","TE88","0.0","0.0","0.0","0.2","2.2","0.0","0.0","0.3"
"Bryce Oliver","TEN","WR164","0.0","0.0","0.0","0.2","2.2","0.0","0.0","0.3"
"Will Mallory","IND","TE89","0.0","0.0","0.0","0.3","2.8","0.0","0.0","0.3"
"Scotty Miller","PIT","WR165","0.0","0.0","0.0","0.2","2.2","0.0","0.0","0.3"
"Jeremy McNichols","WAS","RB117","0.3","1.9","0.0","0.1","0.6","0.0","0.0","0.3"
"C.J. Ham","MIN","RB118","0.1","0.5","0.0","0.3","1.6","0.0","0.0","0.3"
"Ben Skowronek","PIT","WR166","0.0","0.0","0.0","0.2","2.0","0.0","0.0","0.3"
"Trent Sherfield Sr.","DEN","WR167","0.0","0.0","0.0","0.2","2.2","0.0","0.0","0.3"
"Durham Smythe","CHI","TE90","0.0","0.0","0.0","0.3","2.2","0.0","0.0","0.3"
"Ashton Dulin","IND","WR168","0.0","0.3","0.0","0.2","1.7","0.0","0.0","0.2"
"DeeJay Dallas","ARI","RB119","0.3","1.3","0.0","0.1","1.0","0.0","0.0","0.2"
"Davis Allen","LAR","TE91","0.0","0.0","0.0","0.2","1.9","0.0","0.0","0.2"
"Anthony Gould","IND","WR169","0.0","0.1","0.0","0.2","1.8","0.0","0.0","0.2"
"Pharaoh Brown","MIA","TE92","0.0","0.0","0.0","0.2","1.9","0.0","0.0","0.2"
"Patrick Ricard","BAL","RB120","0.0","0.0","0.0","0.2","1.6","0.0","0.0","0.2"
"Patrick Taylor Jr.","SF","RB121","0.0","1.3","0.0","0.1","0.9","0.0","0.0","0.2"
"Travis Homer","CHI","RB122","0.3","1.2","0.0","0.1","0.5","0.0","0.0","0.2"
"KeAndre Lambert-Smith","LAC","WR170","0.0","0.0","0.0","0.1","1.6","0.0","0.0","0.2"
"Charlie Jones","CIN","WR171","0.0","0.0","0.0","0.1","1.3","0.0","0.0","0.2"
"Erik Ezukanma","MIA","WR172","0.0","0.0","0.0","0.1","1.3","0.0","0.0","0.2"
"Dee Eskridge","MIA","WR173","0.0","0.0","0.0","0.1","1.3","0.0","0.0","0.2"
"Ryan Flournoy","DAL","WR174","0.0","0.0","0.0","0.1","1.3","0.0","0.0","0.2"
"Tyler Badie","DEN","RB123","0.0","1.3","0.0","0.1","0.6","0.0","0.0","0.2"
"Jared Wiley","KC","TE93","0.0","0.0","0.0","0.1","1.2","0.0","0.0","0.2"
"Ihmir Smith-Marsette","NYG","WR175","0.0","0.0","0.0","0.1","1.2","0.0","0.0","0.2"
"John Stephens Jr.","DAL","WR176","0.0","0.0","0.0","0.1","1.2","0.0","0.0","0.2"
"Cam Grandy","CIN","TE94","0.0","0.0","0.0","0.1","1.2","0.0","0.0","0.2"
"Marcus Yarns","NO","RB124","0.0","1.2","0.0","0.1","0.6","0.0","0.0","0.2"
"Donovan Edwards","NYJ","RB125","0.0","1.2","0.0","0.1","0.6","0.0","0.0","0.2"
"Tanner Conner","MIA","TE95","0.0","0.0","0.0","0.1","1.2","0.0","0.0","0.2"
"Laviska Shenault Jr.","BUF","WR177","0.0","0.0","0.0","0.1","1.2","0.0","0.0","0.2"
"Zach Pascal","NYG","WR178","0.0","0.0","0.0","0.1","1.2","0.0","0.0","0.2"
"Jamari Thrash","CLE","WR179","0.0","0.0","0.0","0.1","1.2","0.0","0.0","0.2"
"Chris Manhertz","NYG","TE96","0.0","0.0","0.0","0.1","1.2","0.0","0.0","0.2"
"Brenden Bates","CLE","TE97","0.0","0.0","0.0","0.1","1.2","0.0","0.0","0.2"
"LeQuint Allen Jr.","JAC","RB126","0.3","1.2","0.0","0.0","0.0","0.0","0.0","0.2"
"Simi Fehoko","ARI","WR180","0.0","0.0","0.0","0.1","1.1","0.0","0.0","0.2"
"Gavin Bartholomew","MIN","TE98","0.0","0.0","0.0","0.1","1.1","0.0","0.0","0.2"
"Hunter Long","JAC","TE99","0.0","0.0","0.0","0.1","1.1","0.0","0.0","0.2"
"Blake Whiteheart","CLE","TE100","0.0","0.0","0.0","0.1","1.1","0.0","0.0","0.2"
"Xavier Gipson","NYJ","WR181","0.0","0.1","0.0","0.2","2.2","0.0","0.0","0.2"
"Efton Chism III","NE","WR182","0.0","0.0","0.0","0.1","1.1","0.0","0.0","0.2"
"Drew Ogletree","IND","TE101","0.0","0.0","0.0","0.1","1.4","0.0","0.0","0.2"
"Nate Adkins","DEN","TE102","0.0","0.0","0.0","0.1","1.1","0.0","0.0","0.2"
"David Martin-Robinson","TEN","TE103","0.0","0.0","0.0","0.1","1.1","0.0","0.0","0.2"
"Feleipe Franks","ATL","QB2","0.0","0.0","0.0","0.1","1.1","0.0","0.0","0.2"
"Malik Heath","GB","WR183","0.0","0.0","0.0","0.1","1.1","0.0","0.0","0.2"
"Zach Davidson","BUF","TE104","0.0","0.0","0.0","0.1","1.0","0.0","0.0","0.2"
"Connor Heyward","PIT","TE105","0.0","0.0","0.0","0.1","1.0","0.0","0.0","0.2"
"Jack Stoll","NO","TE106","0.0","0.0","0.0","0.1","1.0","0.0","0.0","0.2"
"Ainias Smith","PHI","WR184","0.0","0.0","0.0","0.1","1.0","0.0","0.0","0.2"
"Julius Chestnut","TEN","RB127","0.0","1.1","0.0","0.1","0.4","0.0","0.0","0.2"
"Robbie Ouzts","SEA","TE107","0.0","0.0","0.0","0.1","0.9","0.0","0.0","0.2"
"Deuce Vaughn","DAL","RB128","0.0","0.9","0.0","0.1","0.5","0.0","0.0","0.1"
"Keilan Robinson","PHI","RB129","0.0","1.0","0.0","0.1","0.4","0.0","0.0","0.1"
"Hassan Haskins","LAC","RB130","0.0","1.0","0.0","0.1","0.3","0.0","0.0","0.1"
"Kenny Yeboah","DET","TE108","0.0","0.0","0.0","0.1","1.3","0.0","0.0","0.1"
"Dylan Laube","LV","RB131","0.0","0.8","0.0","0.1","0.5","0.0","0.0","0.1"
"Devin Duvernay","CHI","WR185","0.0","0.3","0.0","0.1","1.2","0.0","0.0","0.1"
"Sione Vaki","DET","RB132","0.0","0.7","0.0","0.1","0.6","0.0","0.0","0.1"
"Avery Williams","PHI","RB133","0.0","1.1","0.0","0.1","0.6","0.0","0.0","0.1"
"Tyler Scott","CHI","WR186","0.0","0.2","0.0","0.1","0.9","0.0","0.0","0.1"
"David Bell","CLE","WR187","0.0","0.0","0.0","0.1","1.1","0.0","0.0","0.1"
"Cedrick Wilson Jr.","NO","WR188","0.0","0.0","0.0","0.1","1.1","0.0","0.0","0.1"
"Rakim Jarrett","TB","WR189","0.0","0.2","0.0","0.1","0.9","0.0","0.0","0.1"
"Ronnie Rivers","LAR","RB134","0.0","0.7","0.0","0.1","0.4","0.0","0.0","0.1"
"Xavier Smith","LAR","WR190","0.0","0.5","0.0","0.1","1.1","0.0","0.0","0.1"
"Braxton Berrios","HOU","WR191","0.0","0.0","0.0","0.1","0.9","0.0","0.0","0.1"
"Quintin Morris","JAC","TE109","0.0","0.0","0.0","0.1","0.9","0.0","0.0","0.1"
"Trey Palmer","TB","WR192","0.0","0.0","0.0","0.1","0.9","0.0","0.0","0.1"
"Scott Matlock","LAC","DT1","0.0","0.0","0.0","0.1","0.9","0.0","0.0","0.1"
"Eric Gray","NYG","RB135","0.0","0.8","0.0","0.1","0.5","0.0","0.0","0.1"
"Raheem Blackshear","CAR","RB136","0.0","0.6","0.0","0.1","0.5","0.0","0.0","0.1"
"Dalton Keene","HOU","TE110","0.0","0.0","0.0","0.0","0.0","0.0","0.0","0.0"
"Stephen Sullivan","CAR","TE111","0.0","0.0","0.0","0.0","0.0","0.0","0.0","0.0"
"Mitchell Wilcox","MIA","TE112","0.0","0.0","0.0","0.0","0.0","0.0","0.0","0.0"
"Trayveon Williams","CLE","RB137","0.0","0.0","0.0","0.0","0.0","0.0","0.0","0.0"
"Ameer Abdullah","SF","RB138","0.0","0.0","0.0","0.0","0.0","0.0","0.0","0.0"
"D'Ernest Johnson","BAL","RB139","0.0","0.0","0.0","0.0","0.0","0.0","0.0","0.0"
"Andrew Beck","NYJ","TE113","0.0","0.0","0.0","0.0","0.0","0.0","0.0","0.0"
"Jakob Johnson","HOU","RB140","0.0","0.0","0.0","0.0","0.0","0.0","0.0","0.0"
"Cam Akers","NO","RB141","0.0","0.0","0.0","0.0","0.0","0.0","0.0","0.0"
"Darrynton Evans","BUF","RB142","0.0","0.0","0.0","0.0","0.0","0.0","0.0","0.0"
"J.J. Taylor","HOU","RB143","0.0","0.0","0.0","0.0","0.0","0.0","0.0","0.0"
"Salvon Ahmed","IND","RB144","0.0","0.0","0.0","0.0","0.0","0.0","0.0","0.0"
"Reggie Gilliam","BUF","RB145","0.0","0.0","0.0","0.0","0.0","0.0","0.0","0.0"
"Jonathan Ward","NYG","RB146","0.0","0.0","0.0","0.0","0.0","0.0","0.0","0.0"
"Trey Sermon","PIT","RB147","0.0","0.0","0.0","0.0","0.0","0.0","0.0","0.0"
"Jermar Jefferson","TEN","RB148","0.0","0.0","0.0","0.0","0.0","0.0","0.0","0.0"
"Gary Brightwell","CIN","RB149","0.0","0.0","0.0","0.0","0.0","0.0","0.0","0.0"
"Demetric Felton Jr.","WAS","RB150","0.0","0.0","0.0","0.0","0.0","0.0","0.0","0.0"
"Kene Nwangwu","NYJ","RB151","0.0","0.0","0.0","0.0","0.0","0.0","0.0","0.0"
"Jaret Patterson","LAC","RB152","0.0","0.0","0.0","0.0","0.0","0.0","0.0","0.0"
"Velus Jones Jr.","NO","WR193","0.0","0.0","0.0","0.0","0.0","0.0","0.0","0.0"
"Keaontay Ingram","KC","RB153","0.0","0.0","0.0","0.0","0.0","0.0","0.0","0.0"
"Zonovan Knight","NYJ","RB154","0.0","0.0","0.0","0.0","0.0","0.0","0.0","0.0"
"Evan Hull","PIT","RB155","0.0","0.0","0.0","0.0","0.0","0.0","0.0","0.0"
"Israel Abanikanda","GB","RB156","0.0","0.0","0.0","0.0","0.0","0.0","0.0","0.0"
"Lew Nichols III","PIT","RB157","0.0","0.0","0.0","0.0","0.0","0.0","0.0","0.0"
"Elijah Dotson","ATL","RB158","0.0","0.0","0.0","0.0","0.0","0.0","0.0","0.0"
"Ben VanSumeren","PHI","LB1","0.0","0.0","0.0","0.0","0.0","0.0","0.0","0.0"
"Brady Russell","SEA","TE114","0.0","0.0","0.0","0.0","0.0","0.0","0.0","0.0"
"Jordan Mims","TEN","RB159","0.0","0.0","0.0","0.0","0.0","0.0","0.0","0.0"
"Owen Wright","TB","RB160","0.0","0.0","0.0","0.0","0.0","0.0","0.0","0.0"
"Jonathon Brooks","CAR","RB161","0.0","0.0","0.0","0.0","0.0","0.0","0.0","0.0"
"Jawhar Jordan","HOU","RB162","0.0","0.0","0.0","0.0","0.0","0.0","0.0","0.0"
"Dante Miller","NYG","RB163","0.0","0.0","0.0","0.0","0.0","0.0","0.0","0.0"
"Blake Watson","DEN","RB164","0.0","0.0","0.0","0.0","0.0","0.0","0.0","0.0"
"Jacob Saylors","DET","RB165","0.0","0.0","0.0","0.0","0.0","0.0","0.0","0.0"
"British Brooks","HOU","RB166","0.0","0.0","0.0","0.0","0.0","0.0","0.0","0.0"
"Cody Schrader","LAR","RB167","0.0","0.0","0.0","0.0","0.0","0.0","0.0","0.0"
"Terrell Jennings","NE","RB168","0.0","0.0","0.0","0.0","0.0","0.0","0.0","0.0"
"Kendall Milton","CIN","RB169","0.0","0.0","0.0","0.0","0.0","0.0","0.0","0.0"
"Frank Gore Jr.","BUF","RB170","0.0","0.0","0.0","0.0","0.0","0.0","0.0","0.0"
"Chris Collier","LV","RB171","0.0","0.0","0.0","0.0","0.0","0.0","0.0","0.0"
"George Holani","SEA","RB172","0.0","0.0","0.0","0.0","0.0","0.0","0.0","0.0"
"Phil Mafah","DAL","RB173","0.0","0.0","0.0","0.0","0.0","0.0","0.0","0.0"
"JaMycal Hasty","NE","RB174","0.0","0.0","0.0","0.0","0.0","0.0","0.0","0.0"
"Ellis Merriweather","GB","RB175","0.0","0.0","0.0","0.0","0.0","0.0","0.0","0.0"
"Brandon Aiyuk","SF","WR194","0.0","0.0","0.0","0.0","0.0","0.0","0.0","0.0"
"Christian Watson","GB","WR195","0.0","0.0","0.0","0.0","0.0","0.0","0.0","0.0"
"Steven Sims Jr.","SEA","WR196","0.0","0.0","0.0","0.0","0.0","0.0","0.0","0.0"
"DeAndre Carter","CLE","WR197","0.0","0.0","0.0","0.0","0.0","0.0","0.0","0.0"
"Tom Kennedy","DET","WR198","0.0","0.0","0.0","0.0","0.0","0.0","0.0","0.0"
"Mason Kinsey","TEN","WR199","0.0","0.0","0.0","0.0","0.0","0.0","0.0","0.0"
"LaJohntay Wester","BAL","WR200","0.0","0.0","0.0","0.0","0.0","0.0","0.0","0.0"
"Isaiah Williams","CIN","WR201","0.0","0.0","0.0","0.0","0.0","0.0","0.0","0.0"
"Jimmy Horn Jr.","CAR","WR202","0.0","0.0","0.0","0.0","0.0","0.0","0.0","0.0"
"Chris Moore","WAS","WR203","0.0","0.0","0.0","0.0","0.0","0.0","0.0","0.0"
"Laquon Treadwell","IND","WR204","0.0","0.0","0.0","0.0","0.0","0.0","0.0","0.0"
"Trent Taylor","SF","WR205","0.0","0.0","0.0","0.0","0.0","0.0","0.0","0.0"
"Keith Kirkwood","BAL","WR206","0.0","0.0","0.0","0.0","0.0","0.0","0.0","0.0"
"Phillip Dorsett II","LV","WR207","0.0","0.0","0.0","0.0","0.0","0.0","0.0","0.0"
"Miles Boykin","CHI","WR208","0.0","0.0","0.0","0.0","0.0","0.0","0.0","0.0"
"DJ Chark Jr.","ATL","WR209","0.0","0.0","0.0","0.0","0.0","0.0","0.0","0.0"
"Robbie Chosen","SF","WR210","0.0","0.0","0.0","0.0","0.0","0.0","0.0","0.0"
"Gunner Olszewski","NYG","WR211","0.0","0.0","0.0","0.0","0.0","0.0","0.0","0.0"
"Trenton Irwin","JAC","WR212","0.0","0.0","0.0","0.0","0.0","0.0","0.0","0.0"
"KJ Hamler","BUF","WR213","0.0","0.0","0.0","0.0","0.0","0.0","0.0","0.0"
"Tyler Johnson","NYJ","WR214","0.0","0.0","0.0","0.0","0.0","0.0","0.0","0.0"
"Donovan Peoples-Jones","NO","WR215","0.0","0.0","0.0","0.0","0.0","0.0","0.0","0.0"
"Quez Watkins","ARI","WR216","0.0","0.0","0.0","0.0","0.0","0.0","0.0","0.0"
"Collin Johnson","LV","WR217","0.0","0.0","0.0","0.0","0.0","0.0","0.0","0.0"
"K.J. Osborn","WAS","WR218","0.0","0.0","0.0","0.0","0.0","0.0","0.0","0.0"
"James Proche II","TEN","WR219","0.0","0.0","0.0","0.0","0.0","0.0","0.0","0.0"
"Isaiah Hodgins","SF","WR220","0.0","0.0","0.0","0.0","0.0","0.0","0.0","0.0"
"Malik Taylor","DET","WR221","0.0","0.0","0.0","0.0","0.0","0.0","0.0","0.0"
"Trishton Jackson","ARI","WR222","0.0","0.0","0.0","0.0","0.0","0.0","0.0","0.0"
"Kristian Wilkerson","BUF","WR223","0.0","0.0","0.0","0.0","0.0","0.0","0.0","0.0"
"Terrace Marshall Jr.","PHI","WR224","0.0","0.0","0.0","0.0","0.0","0.0","0.0","0.0"
"Dez Fitzpatrick","LAC","WR225","0.0","0.0","0.0","0.0","0.0","0.0","0.0","0.0"
"Jacob Harris","TB","TE115","0.0","0.0","0.0","0.0","0.0","0.0","0.0","0.0"
"Seth Williams","LV","WR226","0.0","0.0","0.0","0.0","0.0","0.0","0.0","0.0"
"Michael Strachan","WAS","WR227","0.0","0.0","0.0","0.0","0.0","0.0","0.0","0.0"
"Cody White","SEA","WR228","0.0","0.0","0.0","0.0","0.0","0.0","0.0","0.0"
"Michael Bandy","DEN","WR229","0.0","0.0","0.0","0.0","0.0","0.0","0.0","0.0"
"Tarik Black","MIA","WR230","0.0","0.0","0.0","0.0","0.0","0.0","0.0","0.0"
"D.J. Montgomery","IND","WR231","0.0","0.0","0.0","0.0","0.0","0.0","0.0","0.0"
"David Sills","ATL","WR232","0.0","0.0","0.0","0.0","0.0","0.0","0.0","0.0"
"Skyy Moore","KC","WR233","0.0","0.0","0.0","0.0","0.0","0.0","0.0","0.0"
"Tyquan Thornton","KC","WR234","0.0","0.0","0.0","0.0","0.0","0.0","0.0","0.0"
"Montrell Washington","NYG","WR235","0.0","0.0","0.0","0.0","0.0","0.0","0.0","0.0"
"Samori Toure","CHI","WR236","0.0","0.0","0.0","0.0","0.0","0.0","0.0","0.0"
"Dareke Young","SEA","WR237","0.0","0.0","0.0","0.0","0.0","0.0","0.0","0.0"
"Brandon Smith","NYJ","WR238","0.0","0.0","0.0","0.0","0.0","0.0","0.0","0.0"
"Lance McCutcheon","PIT","WR239","0.0","0.0","0.0","0.0","0.0","0.0","0.0","0.0"
"Jalen Virgil","BUF","WR240","0.0","0.0","0.0","0.0","0.0","0.0","0.0","0.0"
"Kendric Pryor","CIN","WR241","0.0","0.0","0.0","0.0","0.0","0.0","0.0","0.0"
"Andre Baccellia","ARI","WR242","0.0","0.0","0.0","0.0","0.0","0.0","0.0","0.0"
"Dennis Houston","TB","WR243","0.0","0.0","0.0","0.0","0.0","0.0","0.0","0.0"
"Brandon Johnson","PIT","WR244","0.0","0.0","0.0","0.0","0.0","0.0","0.0","0.0"
"Tay Martin","WAS","WR245","0.0","0.0","0.0","0.0","0.0","0.0","0.0","0.0"
"Johnny Johnson III","HOU","WR246","0.0","0.0","0.0","0.0","0.0","0.0","0.0","0.0"
"Braylon Sanders","WAS","WR247","0.0","0.0","0.0","0.0","0.0","0.0","0.0","0.0"
"Maurice Alexander","CHI","WR248","0.0","0.0","0.0","0.0","0.0","0.0","0.0","0.0"
"Tank Dell","HOU","WR249","0.0","0.0","0.0","0.0","0.0","0.0","0.0","0.0"
"Ronnie Bell","DET","WR250","0.0","0.0","0.0","0.0","0.0","0.0","0.0","0.0"
"Jalen Brooks","DAL","WR251","0.0","0.0","0.0","0.0","0.0","0.0","0.0","0.0"
"Xavier Hutchinson","HOU","WR252","0.0","0.0","0.0","0.0","0.0","0.0","0.0","0.0"
"A.T. Perry","DEN","WR253","0.0","0.0","0.0","0.0","0.0","0.0","0.0","0.0"
"Jason Brownlee","KC","WR254","0.0","0.0","0.0","0.0","0.0","0.0","0.0","0.0"
"Chase Cota","CLE","WR255","0.0","0.0","0.0","0.0","0.0","0.0","0.0","0.0"
"Malik Cunningham","BAL","QB3","0.0","0.0","0.0","0.0","0.0","0.0","0.0","0.0"
"Mitchell Tinsley","CIN","WR256","0.0","0.0","0.0","0.0","0.0","0.0","0.0","0.0"
"Irvin Charles","NYJ","WR257","0.0","0.0","0.0","0.0","0.0","0.0","0.0","0.0"
"Elijah Cooks","PHI","WR258","0.0","0.0","0.0","0.0","0.0","0.0","0.0","0.0"
"Shedrick Jackson","LV","WR259","0.0","0.0","0.0","0.0","0.0","0.0","0.0","0.0"
"Ryan Miller","TB","WR260","0.0","0.0","0.0","0.0","0.0","0.0","0.0","0.0"
"Lucky Jackson","MIN","WR261","0.0","0.0","0.0","0.0","0.0","0.0","0.0","0.0"
"Chris Blair","ATL","WR262","0.0","0.0","0.0","0.0","0.0","0.0","0.0","0.0"
"Dylan Drummond","ATL","WR263","0.0","0.0","0.0","0.0","0.0","0.0","0.0","0.0"
"Brenden Rice","LAC","WR264","0.0","0.0","0.0","0.0","0.0","0.0","0.0","0.0"
"Casey Washington","ATL","WR265","0.0","0.0","0.0","0.0","0.0","0.0","0.0","0.0"
"Cornelius Johnson","GB","WR266","0.0","0.0","0.0","0.0","0.0","0.0","0.0","0.0"
"Tahj Washington","MIA","WR267","0.0","0.0","0.0","0.0","0.0","0.0","0.0","0.0"
"Tejhaun Palmer","ARI","WR268","0.0","0.0","0.0","0.0","0.0","0.0","0.0","0.0"
"Bryce Ford-Wheaton","NYG","WR269","0.0","0.0","0.0","0.0","0.0","0.0","0.0","0.0"
"Mason Tipton","NO","WR270","0.0","0.0","0.0","0.0","0.0","0.0","0.0","0.0"
"Kameron Johnson","TB","WR271","0.0","0.0","0.0","0.0","0.0","0.0","0.0","0.0"
"Xavier Weaver","ARI","WR272","0.0","0.0","0.0","0.0","0.0","0.0","0.0","0.0"
"Alex Bachman","LV","WR273","0.0","0.0","0.0","0.0","0.0","0.0","0.0","0.0"
"Kaden Davis","CLE","WR274","0.0","0.0","0.0","0.0","0.0","0.0","0.0","0.0"
"Joshua Cephus","JAC","WR275","0.0","0.0","0.0","0.0","0.0","0.0","0.0","0.0"
"Kevin Austin Jr.","NO","WR276","0.0","0.0","0.0","0.0","0.0","0.0","0.0","0.0"
"Jalen Cropper","DAL","WR277","0.0","0.0","0.0","0.0","0.0","0.0","0.0","0.0"
"Jaylen Johnson","LAC","WR278","0.0","0.0","0.0","0.0","0.0","0.0","0.0","0.0"
"Tyrell Shavers","BUF","WR279","0.0","0.0","0.0","0.0","0.0","0.0","0.0","0.0"
"Brycen Tremayne","CAR","WR280","0.0","0.0","0.0","0.0","0.0","0.0","0.0","0.0"
"Anthony Miller","BAL","WR281","0.0","0.0","0.0","0.0","0.0","0.0","0.0","0.0"
"Ricky White III","SEA","WR282","0.0","0.0","0.0","0.0","0.0","0.0","0.0","0.0"
"Kaden Prather","BUF","WR283","0.0","0.0","0.0","0.0","0.0","0.0","0.0","0.0"
"Konata Mumpfield","LAR","WR284","0.0","0.0","0.0","0.0","0.0","0.0","0.0","0.0"
"Dominic Lovett","DET","WR285","0.0","0.0","0.0","0.0","0.0","0.0","0.0","0.0"
"Junior Bergen","SF","WR286","0.0","0.0","0.0","0.0","0.0","0.0","0.0","0.0"
"Equanimeous St. Brown","SF","WR287","0.0","0.0","0.0","0.0","0.0","0.0","0.0","0.0"
"Cody Thompson","TB","WR288","0.0","0.0","0.0","0.0","0.0","0.0","0.0","0.0"
"Robert Tonyan","KC","TE116","0.0","0.0","0.0","0.0","0.0","0.0","0.0","0.0"
"Nick Vannett","MIN","TE117","0.0","0.0","0.0","0.0","0.0","0.0","0.0","0.0"
"Ross Dwelley","SF","TE118","0.0","0.0","0.0","0.0","0.0","0.0","0.0","0.0"
"Irv Smith Jr.","HOU","TE119","0.0","0.0","0.0","0.0","0.0","0.0","0.0","0.0"
"Tyree Jackson","WAS","TE120","0.0","0.0","0.0","0.0","0.0","0.0","0.0","0.0"
"Stephen Carlson","CHI","TE121","0.0","0.0","0.0","0.0","0.0","0.0","0.0","0.0"
"Josiah Deguara","ARI","TE122","0.0","0.0","0.0","0.0","0.0","0.0","0.0","0.0"
"Albert Okwuegbunam Jr.","LV","TE123","0.0","0.0","0.0","0.0","0.0","0.0","0.0","0.0"
"Sean McKeon","IND","TE124","0.0","0.0","0.0","0.0","0.0","0.0","0.0","0.0"
"Lawrence Cager","WAS","WR289","0.0","0.0","0.0","0.0","0.0","0.0","0.0","0.0"
"Matt Sokol","BUF","TE125","0.0","0.0","0.0","0.0","0.0","0.0","0.0","0.0"
"Giovanni Ricci","MIN","TE126","0.0","0.0","0.0","0.0","0.0","0.0","0.0","0.0"
"Shane Zylstra","DET","TE127","0.0","0.0","0.0","0.0","0.0","0.0","0.0","0.0"
"Tyler Mabry","CAR","TE128","0.0","0.0","0.0","0.0","0.0","0.0","0.0","0.0"
"Jelani Woods","IND","TE129","0.0","0.0","0.0","0.0","0.0","0.0","0.0","0.0"
"Greg Dulcich","NYG","TE130","0.0","0.0","0.0","0.0","0.0","0.0","0.0","0.0"
"Ko Kieft","TB","TE131","0.0","0.0","0.0","0.0","0.0","0.0","0.0","0.0"
"Teagan Quitoriano","ATL","TE132","0.0","0.0","0.0","0.0","0.0","0.0","0.0","0.0"
"Cole Turner","WAS","TE133","0.0","0.0","0.0","0.0","0.0","0.0","0.0","0.0"
"John FitzPatrick","GB","TE134","0.0","0.0","0.0","0.0","0.0","0.0","0.0","0.0"
"Nick Muse","PHI","TE135","0.0","0.0","0.0","0.0","0.0","0.0","0.0","0.0"
"James Mitchell","CAR","TE136","0.0","0.0","0.0","0.0","0.0","0.0","0.0","0.0"
"Jake Tonges","SF","TE137","0.0","0.0","0.0","0.0","0.0","0.0","0.0","0.0"
"Nikola Kalinic","ATL","TE138","0.0","0.0","0.0","0.0","0.0","0.0","0.0","0.0"
"Cameron Latu","PHI","TE139","0.0","0.0","0.0","0.0","0.0","0.0","0.0","0.0"
"Justin Shorter","LV","WR290","0.0","0.0","0.0","0.0","0.0","0.0","0.0","0.0"
"Zack Kuntz","NYJ","TE140","0.0","0.0","0.0","0.0","0.0","0.0","0.0","0.0"
"Brayden Willis","SF","TE141","0.0","0.0","0.0","0.0","0.0","0.0","0.0","0.0"
"Ben Sims","GB","TE142","0.0","0.0","0.0","0.0","0.0","0.0","0.0","0.0"
"Princeton Fant","DAL","TE143","0.0","0.0","0.0","0.0","0.0","0.0","0.0","0.0"
"Travis Vokolek","ARI","TE144","0.0","0.0","0.0","0.0","0.0","0.0","0.0","0.0"
"Cole Fotheringham","NE","TE145","0.0","0.0","0.0","0.0","0.0","0.0","0.0","0.0"
"Erick All Jr.","CIN","TE146","0.0","0.0","0.0","0.0","0.0","0.0","0.0","0.0"
"Tanner McLachlan","CIN","TE147","0.0","0.0","0.0","0.0","0.0","0.0","0.0","0.0"
"Colson Yankoff","WAS","TE148","0.0","0.0","0.0","0.0","0.0","0.0","0.0","0.0"
"Thomas Odukoya","TEN","TE149","0.0","0.0","0.0","0.0","0.0","0.0","0.0","0.0"
"E.J. Jenkins","PHI","TE150","0.0","0.0","0.0","0.0","0.0","0.0","0.0","0.0"
"Baylor Cupp","BAL","TE151","0.0","0.0","0.0","0.0","0.0","0.0","0.0","0.0"
"Jack Westover","NE","TE152","0.0","0.0","0.0","0.0","0.0","0.0","0.0","0.0"
"Luke Lachey","HOU","TE153","0.0","0.0","0.0","0.0","0.0","0.0","0.0","0.0"
"Thomas Fidone II","NYG","TE154","0.0","0.0","0.0","0.0","0.0","0.0","0.0","0.0"
"Caleb Lohner","DEN","TE155","0.0","0.0","0.0","0.0","0.0","0.0","0.0","0.0"
"Moliki Matavao","NO","TE156","0.0","0.0","0.0","0.0","0.0","0.0","0.0","0.0"
"Jha'Quan Jackson","TEN","WR291","0.0","0.1","0.0","0.0","0.3","0.0","0.0","0.0"
""
""